211, 3509206, 1, 4096, 9449472
2754, 11699110, 1, 4096, 6524928
2777, 8449110, 1, 4096, 9588736
2826, 12349142, 1, 4096, 4640768
4369, 4939086, 1, 4096, 5935104
6805, 12739118, 1, 4096, 9781248
7864, 8969102, 1, 4096, 7204864
7909, 9099158, 1, 4096, 1015808
7973, 1819062, 1, 4096, 569344
9518, 3119206, 1, 4096, 10006528
12108, 10529142, 1, 4096, 4943872
12984, 4809094, 1, 4096, 6742016
13046, 9879078, 1, 4096, 5771264
13399, 2989102, 1, 4096, 3330048
13438, 5459126, 1, 4096, 7233536
13463, 5719110, 1, 4096, 4452352
16595, 6369158, 1, 4096, 10481664
18149, 7539150, 1, 4096, 4710400
19900, 3119078, 1, 4096, 5890048
21619, 7409070, 1, 4096, 6311936
23128, 9099126, 1, 4096, 2187264
23190, 5719174, 1, 4096, 9723904
23650, 7669174, 1, 4096, 2420736
26362, 8449062, 1, 4096, 2383872
27171, 10529182, 1, 4096, 10223616
28245, 8579126, 1, 4096, 6074368
29627, 7019142, 1, 4096, 790528
31632, 11829166, 1, 4096, 7680000
33432, 1949070, 1, 4096, 6717440
34975, 6889102, 1, 4096, 4521984
38032, 4029110, 1, 4096, 7311360
38464, 4289102, 1, 4096, 10113024
38533, 5719110, 1, 4096, 6811648
40195, 8709166, 1, 4096, 86016
42197, 9359094, 1, 4096, 2170880
43562, 9489118, 1, 4096, 5820416
43628, 9489126, 1, 4096, 9981952
45552, 11959070, 1, 4096, 9650176
48642, 8709134, 1, 4096, 4988928
48683, 7799062, 1, 4096, 4915200
50257, 7539118, 1, 4096, 8441856
53337, 8839110, 1, 4096, 5337088
53741, 8449078, 1, 4096, 4268032
55283, 9229070, 1, 4096, 3768320
57730, 5199118, 1, 4096, 7663616
58855, 8709134, 1, 4096, 2998272
60840, 2599102, 1, 4096, 5181440
63493, 3119070, 1, 4096, 5844992
63924, 9099062, 1, 4096, 5849088
63955, 11309078, 1, 4096, 4964352
64011, 10269086, 1, 4096, 3497984
65538, 10009158, 1, 4096, 9756672
68649, 3249190, 1, 4096, 1138688
69120, 6629198, 1, 4096, 10285056
69135, 8189102, 1, 4096, 7655424
72216, 6109086, 1, 4096, 5922816
74323, 5589102, 1, 4096, 3129344
74348, 2209102, 1, 4096, 643072
77526, 4029062, 1, 4096, 847872
79102, 11179150, 1, 4096, 6660096
79485, 7279134, 1, 4096, 1912832
82579, 9229166, 1, 4096, 8634368
84530, 10529182, 1, 4096, 995328
86125, 8579070, 1, 4096, 1486848
88334, 8189070, 1, 4096, 1949696
89696, 4159190, 1, 4096, 9908224
89773, 10399094, 1, 4096, 7929856
92923, 12089110, 1, 4096, 5033984
94836, 10269110, 1, 4096, 2015232
94903, 1819158, 1, 4096, 7761920
96458, 4289174, 1, 4096, 753664
99262, 7799094, 1, 4096, 2748416
100023, 8709086, 1, 4096, 4280320
103218, 7929158, 1, 4096, 10403840
105188, 10139198, 1, 4096, 1708032
108340, 10529174, 1, 4096, 9027584
110292, 6629078, 1, 4096, 7847936
111863, 5329134, 1, 4096, 3493888
114916, 2729086, 1, 4096, 1552384
115379, 5069142, 1, 4096, 6983680
115458, 7149110, 1, 4096, 3772416
118610, 11699078, 1, 4096, 2908160
120569, 9359086, 1, 4096, 4481024
122144, 9749086, 1, 4096, 6082560
124266, 7409094, 1, 4096, 3915776
125631, 10009086, 1, 4096, 2437120
125710, 6499118, 1, 4096, 5894144
128876, 7019086, 1, 4096, 7315456
130794, 7799118, 1, 4096, 3629056
130808, 7669142, 1, 4096, 9228288
130874, 1949062, 1, 4096, 8781824
134055, 9489094, 1, 4096, 6750208
135972, 8709118, 1, 4096, 3125248
139138, 9229094, 1, 4096, 5201920
141112, 4549102, 1, 4096, 2863104
144281, 10529078, 1, 4096, 3993600
146150, 3899094, 1, 4096, 1605632
147716, 19498364, 1, 4096, 9400320
150824, 11697402, 1, 4096, 4952064
151271, 14817306, 1, 4096, 7274496
152835, 9229150, 1, 4096, 1617920
154810, 3249190, 1, 4096, 10031104
156409, 5849078, 1, 4096, 8802304
156430, 2729182, 1, 4096, 1183744
156480, 5329070, 1, 4096, 1982464
158067, 6109166, 1, 4096, 8515584
161172, 12999142, 1, 4096, 3608576
161629, 4549142, 1, 4096, 8486912
164815, 11179142, 1, 4096, 3465216
166741, 5849078, 1, 4096, 2240512
168285, 4289102, 1, 4096, 5042176
170338, 3249102, 1, 4096, 2097152
171815, 9879062, 1, 4096, 2158592
171868, 9359062, 1, 4096, 2183168
173410, 5719070, 1, 4096, 1974272
175275, 3769174, 1, 4096, 8876032
177018, 7409078, 1, 4096, 7741440
177097, 6239094, 1, 4096, 6021120
180290, 7149078, 1, 4096, 6942720
182166, 8189110, 1, 4096, 3792896
182237, 8839086, 1, 4096, 2236416
183841, 4419086, 1, 4096, 4014080
186390, 3899062, 1, 4096, 3694592
187293, 8969134, 1, 4096, 8343552
187370, 7019062, 1, 4096, 8732672
190565, 8319062, 1, 4096, 8691712
192344, 4419126, 1, 4096, 4276224
192556, 4029062, 1, 4096, 4485120
192582, 8839102, 1, 4096, 7057408
195789, 7019102, 1, 4096, 9510912
197717, 8969142, 1, 4096, 4354048
199317, 11829110, 1, 4096, 7626752
202370, 5459142, 1, 4096, 2248704
202844, 7669070, 1, 4096, 2678784
202872, 6759102, 1, 4096, 5640192
205915, 6109078, 1, 4096, 6488064
207532, 9749118, 1, 4096, 10153984
207887, 7799150, 1, 4096, 4403200
207940, 7019142, 1, 4096, 9441280
209471, 7799062, 1, 4096, 9367552
210747, 4159174, 1, 4096, 2355200
210777, 5069094, 1, 4096, 4173824
211345, 3249134, 1, 4096, 8970240
211384, 12479190, 1, 4096, 937984
211409, 3379174, 1, 4096, 7811072
212580, 7929094, 1, 4096, 9805824
212594, 6629214, 1, 4096, 372736
213025, 9359206, 1, 4096, 9687040
213092, 5069182, 1, 4096, 1695744
215675, 8319086, 1, 4096, 110592
217999, 8059198, 1, 4096, 8826880
218170, 4939062, 1, 4096, 9089024
218237, 5719102, 1, 4096, 6299648
221058, 9099110, 1, 4096, 9408512
222650, 4809182, 1, 4096, 1916928
222711, 6369166, 1, 4096, 8466432
223107, 11569150, 1, 4096, 2949120
223431, 9489070, 1, 4096, 3502080
224636, 2989142, 1, 4096, 8286208
224683, 8579110, 1, 4096, 5165056
226515, 3119094, 1, 4096, 7376896
227471, 9229094, 1, 4096, 9453568
228277, 10139182, 1, 4096, 1789952
228561, 11829070, 1, 4096, 1449984
228620, 2729182, 1, 4096, 8798208
229650, 6629158, 1, 4096, 2973696
230958, 2729134, 1, 4096, 7229440
232285, 8059158, 1, 4096, 1490944
233916, 6109134, 1, 4096, 5959680
235066, 7149110, 1, 4096, 8937472
235118, 10399142, 1, 4096, 3866624
235135, 8579110, 1, 4096, 745472
236863, 12999078, 1, 4096, 2035712
238223, 8709078, 1, 4096, 987136
238261, 8839158, 1, 4096, 7168000
240637, 6889094, 1, 4096, 4972544
242894, 5589070, 1, 4096, 4247552
243593, 9099126, 1, 4096, 8384512
244109, 4549166, 1, 4096, 1908736
244905, 7799150, 1, 4096, 7512064
245018, 8449134, 1, 4096, 2838528
246081, 7019166, 1, 4096, 9424896
247697, 11049198, 1, 4096, 778240
249330, 9619086, 1, 4096, 2367488
250015, 9229166, 1, 4096, 9093120
251725, 11569158, 1, 4096, 3067904
253320, 7669174, 1, 4096, 10211328
253797, 8839174, 1, 4096, 2977792
254403, 8839174, 1, 4096, 10190848
254467, 5069110, 1, 4096, 6848512
256011, 9359070, 1, 4096, 7393280
257733, 7409102, 1, 4096, 4714496
258567, 2859118, 1, 4096, 1228800
259383, 12349110, 1, 4096, 4538368
259782, 16378124, 1, 4096, 4493312
260797, 10139070, 1, 4096, 5079040
260915, 10917378, 1, 4096, 8871936
260960, 29247354, 1, 4096, 5308416
261546, 40556440, 1, 4096, 8482816
261680, 9749142, 1, 4096, 3371008
261707, 8709078, 1, 4096, 2322432
261730, 12739086, 1, 4096, 1011712
262350, 8449078, 1, 4096, 2011136
263106, 2209062, 1, 4096, 1581056
263697, 5589118, 1, 4096, 5500928
264451, 8969134, 1, 4096, 851968
264603, 4809126, 1, 4096, 4718592
264642, 9749118, 1, 4096, 1155072
265474, 7669174, 1, 4096, 8298496
266101, 3769134, 1, 4096, 3846144
266827, 6109158, 1, 4096, 9859072
267599, 5199094, 1, 4096, 8069120
268253, 5459142, 1, 4096, 2686976
268934, 6629078, 1, 4096, 2023424
269762, 6629126, 1, 4096, 6004736
270300, 4289062, 1, 4096, 5713920
270569, 4809110, 1, 4096, 2871296
270895, 10139078, 1, 4096, 3973120
271556, 9099102, 1, 4096, 6565888
272040, 6629110, 1, 4096, 9515008
272735, 11569134, 1, 4096, 5029888
274396, 5459070, 1, 4096, 4292608
275671, 6369062, 1, 4096, 4132864
275746, 6499062, 1, 4096, 4489216
276402, 9229102, 1, 4096, 7086080
278680, 9229078, 1, 4096, 8134656
279780, 9489182, 1, 4096, 425984
280356, 2989094, 1, 4096, 2117632
280906, 3899086, 1, 4096, 765952
282372, 8579190, 1, 4096, 8998912
284472, 11439078, 1, 4096, 8118272
284507, 2989078, 1, 4096, 8777728
285290, 9099198, 1, 4096, 8192
286082, 7669078, 1, 4096, 1478656
286153, 6889070, 1, 4096, 1859584
288842, 12089118, 1, 4096, 5672960
291083, 8189070, 1, 4096, 5107712
291389, 4809078, 1, 4096, 3809280
291453, 7149070, 1, 4096, 3182592
292629, 4549166, 1, 4096, 10129408
294690, 5459182, 1, 4096, 2162688
296333, 10529134, 1, 4096, 6905856
298229, 6239150, 1, 4096, 1060864
300101, 2469078, 1, 4096, 135168
300139, 10919142, 1, 4096, 5414912
301561, 7019142, 1, 4096, 10457088
301651, 8839142, 1, 4096, 5287936
302918, 5459078, 1, 4096, 6615040
303418, 4289110, 1, 4096, 9416704
304348, 3769142, 1, 4096, 4444160
306749, 5849126, 1, 4096, 8372224
306877, 4029070, 1, 4096, 9097216
307923, 9619078, 1, 4096, 8105984
309365, 10659102, 1, 4096, 5632000
309391, 7409118, 1, 4096, 9142272
310034, 6499094, 1, 4096, 6926336
311596, 9229150, 1, 4096, 1261568
312109, 4939062, 1, 4096, 1527808
312942, 5069190, 1, 4096, 9539584
314090, 5849062, 1, 4096, 9342976
315230, 2339126, 1, 4096, 5312512
315259, 7929078, 1, 4096, 4210688
315290, 4289118, 1, 4096, 823296
315986, 5459102, 1, 4096, 3178496
317136, 2729118, 1, 4096, 6914048
317185, 9749150, 1, 4096, 1290240
318776, 8449062, 1, 4096, 1253376
319570, 6239150, 1, 4096, 6762496
320126, 3119078, 1, 4096, 5877760
320172, 5849118, 1, 4096, 2068480
322422, 2599102, 1, 4096, 4759552
323142, 5459062, 1, 4096, 5054464
326235, 10529142, 1, 4096, 10317824
327542, 5199174, 1, 4096, 2854912
327620, 8059174, 1, 4096, 10022912
329910, 5849078, 1, 4096, 8790016
330718, 6889182, 1, 4096, 1433600
332263, 7019078, 1, 4096, 282624
332751, 5849158, 1, 4096, 6279168
334313, 5459102, 1, 4096, 9154560
334897, 5069102, 1, 4096, 6324224
334934, 10659070, 1, 4096, 5914624
336259, 12869118, 1, 4096, 9773056
337205, 8709142, 1, 4096, 4599808
337881, 4289118, 1, 4096, 7917568
337900, 10269110, 1, 4096, 4898816
337970, 7149118, 1, 4096, 8396800
340685, 5979142, 1, 4096, 3563520
342540, 2599102, 1, 4096, 581632
343134, 8449070, 1, 4096, 36864
346441, 6759214, 1, 4096, 10219520
347084, 9099150, 1, 4096, 4550656
347123, 8189150, 1, 4096, 10178560
348332, 9619086, 1, 4096, 8667136
350602, 5199142, 1, 4096, 3268608
352678, 5069078, 1, 4096, 4575232
353231, 6239094, 1, 4096, 6463488
353697, 15338140, 1, 4096, 5869568
354725, 34707402, 1, 4096, 1384448
355560, 21057594, 1, 4096, 10039296
356677, 8449214, 1, 4096, 200704
357237, 5849110, 1, 4096, 3096576
357272, 1949062, 1, 4096, 3170304
358870, 8449126, 1, 4096, 7270400
360556, 6109110, 1, 4096, 4509696
363468, 6889118, 1, 4096, 7987200
364066, 11959078, 1, 4096, 7143424
365010, 2859086, 1, 4096, 8306688
365532, 4029190, 1, 4096, 258048
365580, 7149070, 1, 4096, 655360
366230, 7669190, 1, 4096, 8830976
366535, 7409086, 1, 4096, 7700480
367013, 4159086, 1, 4096, 8949760
367586, 8319070, 1, 4096, 8392704
368401, 3509118, 1, 4096, 4947968
369166, 5589110, 1, 4096, 7831552
369319, 10009094, 1, 4096, 9961472
369931, 8709174, 1, 4096, 2719744
370327, 10529086, 1, 4096, 4366336
370383, 11699110, 1, 4096, 1441792
370961, 8969070, 1, 4096, 1961984
371514, 6889158, 1, 4096, 8019968
372371, 12219086, 1, 4096, 9777152
373179, 7279166, 1, 4096, 2961408
374060, 5979078, 1, 4096, 3805184
374513, 8579070, 1, 4096, 3264512
374608, 11439094, 1, 4096, 5484544
374977, 5849070, 1, 4096, 5804032
375605, 4679078, 1, 4096, 5017600
376261, 3119070, 1, 4096, 5160960
377060, 2469142, 1, 4096, 106496
378114, 3119070, 1, 4096, 774144
378411, 12869086, 1, 4096, 2568192
378770, 5329110, 1, 4096, 5435392
379375, 7929086, 1, 4096, 3821568
379563, 7149110, 1, 4096, 606208
379689, 5459070, 1, 4096, 389120
380366, 9229086, 1, 4096, 1953792
381457, 8449142, 1, 4096, 7081984
382294, 9489102, 1, 4096, 9695232
383258, 9359102, 1, 4096, 7135232
383887, 2469134, 1, 4096, 2084864
383910, 3899166, 1, 4096, 8986624
384781, 9359174, 1, 4096, 1785856
384878, 6499070, 1, 4096, 2146304
386037, 3509062, 1, 4096, 2318336
387127, 8839094, 1, 4096, 4378624
389938, 10139118, 1, 4096, 839680
390010, 10399142, 1, 4096, 6090752
390069, 5199150, 1, 4096, 176128
392142, 9359150, 1, 4096, 5873664
392182, 6369126, 1, 4096, 1585152
394177, 4029070, 1, 4096, 2306048
395225, 11309094, 1, 4096, 4517888
396288, 10269118, 1, 4096, 983040
398013, 2729214, 1, 4096, 10395648
398839, 9749166, 1, 4096, 3739648
398885, 7409166, 1, 4096, 10346496
399580, 3379206, 1, 4096, 1220608
400078, 10529062, 1, 4096, 1323008
400399, 6889094, 1, 4096, 3252224
402857, 5459166, 1, 4096, 10256384
403955, 5329206, 1, 4096, 741376
404669, 10789070, 1, 4096, 339968
404978, 5849206, 1, 4096, 9433088
405722, 7799174, 1, 4096, 2134016
406441, 9229086, 1, 4096, 3698688
407754, 6499126, 1, 4096, 8183808
407766, 8059070, 1, 4096, 7610368
409271, 5719102, 1, 4096, 4825088
410474, 4289118, 1, 4096, 8663040
410519, 5719126, 1, 4096, 4329472
410843, 6889102, 1, 4096, 6774784
410889, 10009094, 1, 4096, 4775936
411424, 5589142, 1, 4096, 10244096
412619, 3379070, 1, 4096, 10407936
412968, 4029222, 1, 4096, 286720
413567, 5069222, 1, 4096, 10362880
415400, 9749206, 1, 4096, 1126400
416082, 3899118, 1, 4096, 4931584
417163, 11699118, 1, 4096, 8716288
418689, 8319190, 1, 4096, 421888
419848, 2859142, 1, 4096, 5193728
421158, 5589110, 1, 4096, 8593408
422832, 4159094, 1, 4096, 6230016
424869, 4029150, 1, 4096, 757760
426353, 9619118, 1, 4096, 4407296
428145, 5459158, 1, 4096, 10383360
429125, 2729174, 1, 4096, 3280896
429166, 11959102, 1, 4096, 888832
431479, 10659126, 1, 4096, 5120000
431560, 6759086, 1, 4096, 3432448
432997, 9229102, 1, 4096, 872448
434733, 6759118, 1, 4096, 4345856
435312, 14298156, 1, 4096, 5259264
436697, 8709126, 1, 4096, 1114112
438284, 18327258, 1, 4096, 3002368
439476, 14037378, 1, 4096, 6856704
440333, 25476440, 1, 4096, 10305536
441446, 1819070, 1, 4096, 10371072
441865, 10139174, 1, 4096, 3223552
441894, 9749126, 1, 4096, 7397376
441942, 5589102, 1, 4096, 10280960
443487, 5329134, 1, 4096, 5410816
445034, 11309070, 1, 4096, 5038080
445077, 9099078, 1, 4096, 4018176
446421, 10529110, 1, 4096, 1019904
446939, 1169214, 1, 4096, 10334208
447019, 7409126, 1, 4096, 6623232
448563, 3119158, 1, 4096, 61440
449370, 5849182, 1, 4096, 8122368
450201, 3769166, 1, 4096, 1081344
450238, 8709086, 1, 4096, 2613248
450253, 9359134, 1, 4096, 7282688
452253, 9359094, 1, 4096, 9375744
454198, 4809150, 1, 4096, 3952640
455436, 5199102, 1, 4096, 6291456
457055, 7929110, 1, 4096, 9322496
457348, 8319174, 1, 4096, 2576384
458198, 8449062, 1, 4096, 2543616
459486, 2989150, 1, 4096, 7839744
460408, 4419078, 1, 4096, 9105408
461543, 7149198, 1, 4096, 212992
462469, 7799182, 1, 4096, 7884800
462546, 4679078, 1, 4096, 7094272
464039, 4939110, 1, 4096, 3743744
464874, 5329134, 1, 4096, 8679424
466711, 3509086, 1, 4096, 9883648
467425, 2729094, 1, 4096, 7938048
467454, 4679102, 1, 4096, 5607424
467774, 4029078, 1, 4096, 4259840
467841, 4289110, 1, 4096, 7577600
469670, 10399134, 1, 4096, 3026944
470209, 7149078, 1, 4096, 3944448
470965, 10269134, 1, 4096, 8671232
471012, 5069110, 1, 4096, 5328896
472010, 7539094, 1, 4096, 3174400
472060, 9749086, 1, 4096, 1671168
472950, 9619158, 1, 4096, 7905280
473017, 4419094, 1, 4096, 10203136
473865, 6499062, 1, 4096, 10043392
475207, 11959134, 1, 4096, 5591040
476854, 2339126, 1, 4096, 9302016
477540, 3509182, 1, 4096, 1732608
477586, 6369190, 1, 4096, 9822208
478254, 7019126, 1, 4096, 6086656
478334, 6629070, 1, 4096, 5427200
479134, 9359094, 1, 4096, 3383296
479657, 5069134, 1, 4096, 7782400
480859, 4809086, 1, 4096, 9584640
481440, 5459142, 1, 4096, 4202496
482305, 6629102, 1, 4096, 7151616
482581, 7539078, 1, 4096, 8097792
483339, 7669126, 1, 4096, 3883008
483442, 4809062, 1, 4096, 3624960
483496, 4159094, 1, 4096, 1773568
483885, 6499086, 1, 4096, 3162112
484848, 4159078, 1, 4096, 2347008
485692, 10009078, 1, 4096, 1380352
486468, 11309078, 1, 4096, 2555904
486753, 2469070, 1, 4096, 2662400
486839, 2859078, 1, 4096, 1761280
487380, 11959158, 1, 4096, 8146944
487712, 3119078, 1, 4096, 6746112
488109, 8319158, 1, 4096, 1024000
488922, 4159150, 1, 4096, 6402048
488989, 9879118, 1, 4096, 2846720
489411, 9359166, 1, 4096, 9580544
489778, 11309078, 1, 4096, 8695808
490677, 9749086, 1, 4096, 7192576
491466, 1819150, 1, 4096, 1069056
491724, 1949094, 1, 4096, 3203072
491761, 3249086, 1, 4096, 1810432
492139, 11959166, 1, 4096, 8708096
492336, 4809078, 1, 4096, 9482240
493093, 11179070, 1, 4096, 10137600
494160, 7409198, 1, 4096, 1265664
495237, 6109070, 1, 4096, 565248
496856, 4939150, 1, 4096, 6504448
497545, 9619110, 1, 4096, 3452928
499337, 4809094, 1, 4096, 1122304
499411, 4029166, 1, 4096, 8040448
502014, 11179166, 1, 4096, 1466368
503538, 3249070, 1, 4096, 593920
504019, 9099190, 1, 4096, 8859648
504058, 5069078, 1, 4096, 10158080
504633, 10009134, 1, 4096, 5582848
505224, 2469078, 1, 4096, 4141056
505900, 5979078, 1, 4096, 3436544
507374, 6759134, 1, 4096, 7942144
508291, 5719062, 1, 4096, 8253440
509191, 1299142, 1, 4096, 2609152
509873, 8839094, 1, 4096, 536576
509944, 7929142, 1, 4096, 6144000
511033, 1819070, 1, 4096, 6213632
511683, 3249062, 1, 4096, 6369280
512588, 9489086, 1, 4096, 7950336
514117, 20798268, 1, 4096, 3395584
514461, 20667306, 1, 4096, 684032
515120, 35487594, 1, 4096, 9633792
517571, 5719070, 1, 4096, 9949184
519116, 6109166, 1, 4096, 3575808
520329, 3899094, 1, 4096, 5316608
521904, 11179142, 1, 4096, 294912
522853, 6889086, 1, 4096, 1716224
522884, 7669134, 1, 4096, 6275072
523810, 4939126, 1, 4096, 2412544
524208, 3899110, 1, 4096, 5185536
525164, 6109102, 1, 4096, 2940928
525582, 7799102, 1, 4096, 290816
528905, 11699110, 1, 4096, 3559424
529841, 5329110, 1, 4096, 6422528
530950, 12479094, 1, 4096, 4579328
533224, 3899102, 1, 4096, 1679360
533637, 5459086, 1, 4096, 430080
533789, 7929166, 1, 4096, 7069696
536108, 8709070, 1, 4096, 7569408
537835, 9879174, 1, 4096, 405504
540074, 2989206, 1, 4096, 9318400
540355, 8189094, 1, 4096, 7720960
540968, 7669070, 1, 4096, 8155136
541355, 9749094, 1, 4096, 6135808
541638, 3639118, 1, 4096, 9412608
541668, 7799142, 1, 4096, 4177920
542503, 4809110, 1, 4096, 1339392
544259, 6759126, 1, 4096, 5324800
545616, 9489102, 1, 4096, 2781184
546497, 10789086, 1, 4096, 1343488
546510, 7019158, 1, 4096, 7413760
546564, 11439094, 1, 4096, 9637888
547713, 7799142, 1, 4096, 4399104
548731, 8969070, 1, 4096, 4919296
548762, 8709102, 1, 4096, 7479296
550646, 12869150, 1, 4096, 2052096
553314, 1689086, 1, 4096, 3141632
553370, 5199078, 1, 4096, 2387968
554386, 8839158, 1, 4096, 8568832
555779, 7409190, 1, 4096, 217088
556610, 10919102, 1, 4096, 2916352
557111, 5849158, 1, 4096, 8912896
557152, 7279070, 1, 4096, 8294400
558341, 4159086, 1, 4096, 6959104
559089, 11439078, 1, 4096, 6078464
559852, 7539142, 1, 4096, 827392
560755, 8189142, 1, 4096, 5939200
561723, 7019110, 1, 4096, 8916992
562370, 4809150, 1, 4096, 3489792
562431, 8709110, 1, 4096, 380928
564375, 7929174, 1, 4096, 7540736
565902, 9489174, 1, 4096, 348160
567331, 5719166, 1, 4096, 6852608
567883, 9229094, 1, 4096, 8929280
568527, 11049142, 1, 4096, 3899392
571089, 5199166, 1, 4096, 10375168
571139, 5069110, 1, 4096, 7548928
571901, 6759174, 1, 4096, 184320
573004, 9229126, 1, 4096, 4325376
573080, 4809126, 1, 4096, 450560
574473, 7539190, 1, 4096, 8617984
576029, 7669158, 1, 4096, 2342912
577103, 9749062, 1, 4096, 2396160
577624, 10009086, 1, 4096, 909312
578292, 7799078, 1, 4096, 1871872
580009, 5329062, 1, 4096, 1642496
582380, 6369078, 1, 4096, 958464
582414, 2469214, 1, 4096, 10354688
583131, 4809158, 1, 4096, 4415488
583654, 8059094, 1, 4096, 6426624
583709, 6499150, 1, 4096, 589824
584685, 6629206, 1, 4096, 10252288
585437, 7539086, 1, 4096, 8613888
586974, 10529150, 1, 4096, 3035136
588884, 9619118, 1, 4096, 6688768
589629, 4159094, 1, 4096, 8450048
589708, 7799094, 1, 4096, 10436608
590106, 11179118, 1, 4096, 6963200
590868, 8709086, 1, 4096, 5398528
591257, 11179142, 1, 4096, 376832
591312, 6759134, 1, 4096, 4882432
592370, 5069134, 1, 4096, 9797632
593087, 2339086, 1, 4096, 7835648
593681, 7539142, 1, 4096, 2580480
593765, 3379078, 1, 4096, 3776512
594397, 4679070, 1, 4096, 4542464
594461, 10399070, 1, 4096, 4116480
595152, 5849070, 1, 4096, 3399680
595798, 4679110, 1, 4096, 32768
596582, 7409134, 1, 4096, 5099520
597333, 1949094, 1, 4096, 6721536
598289, 3379062, 1, 4096, 6881280
599220, 8969118, 1, 4096, 3272704
599796, 5589070, 1, 4096, 3055616
600268, 3119126, 1, 4096, 6815744
600897, 9099142, 1, 4096, 1667072
601683, 9618204, 1, 4096, 4501504
601824, 5459126, 1, 4096, 8404992
601842, 31197210, 1, 4096, 9015296
602657, 20277258, 1, 4096, 10420224
603374, 21836792, 1, 4096, 1941504
603480, 9359126, 1, 4096, 6098944
604097, 4029070, 1, 4096, 5267456
605094, 7799070, 1, 4096, 4681728
606374, 3509078, 1, 4096, 5885952
607241, 11959142, 1, 4096, 913408
608437, 10009102, 1, 4096, 3555328
609207, 3899086, 1, 4096, 1687552
610358, 10139094, 1, 4096, 3825664
610372, 6759142, 1, 4096, 8851456
610440, 8189070, 1, 4096, 8282112
611629, 3249110, 1, 4096, 5341184
612100, 10529086, 1, 4096, 3895296
612805, 10529134, 1, 4096, 8638464
614826, 10529134, 1, 4096, 4091904
615399, 3119062, 1, 4096, 3719168
615524, 2989134, 1, 4096, 8507392
616299, 6759094, 1, 4096, 10432512
617042, 9099070, 1, 4096, 9920512
618706, 9229134, 1, 4096, 5296128
619648, 6369070, 1, 4096, 5128192
620302, 8449086, 1, 4096, 6647808
620832, 3639086, 1, 4096, 7856128
620872, 4939134, 1, 4096, 3477504
620941, 8319110, 1, 4096, 6529024
622296, 8839070, 1, 4096, 6008832
622667, 9619134, 1, 4096, 1400832
623452, 4809078, 1, 4096, 2174976
624074, 3769102, 1, 4096, 4939776
624114, 10269078, 1, 4096, 6057984
626083, 9879070, 1, 4096, 5595136
626162, 6629134, 1, 4096, 806912
627709, 9879102, 1, 4096, 3444736
630507, 11179102, 1, 4096, 999424
631371, 8059078, 1, 4096, 1978368
632271, 9489070, 1, 4096, 2527232
633717, 8579094, 1, 4096, 434176
636550, 7019214, 1, 4096, 10117120
636570, 10399110, 1, 4096, 7110656
636638, 7409166, 1, 4096, 307200
639264, 6109062, 1, 4096, 122880
640913, 10269182, 1, 4096, 7946240
641695, 10399094, 1, 4096, 5976064
641799, 6109126, 1, 4096, 9924608
643221, 3509110, 1, 4096, 7000064
643285, 8579086, 1, 4096, 5423104
644929, 6629110, 1, 4096, 8376320
645611, 8319118, 1, 4096, 4722688
645660, 5849118, 1, 4096, 8654848
646944, 8319078, 1, 4096, 7581696
647780, 7669070, 1, 4096, 6979584
648425, 6109102, 1, 4096, 4222976
648956, 9619094, 1, 4096, 2199552
650443, 8579078, 1, 4096, 1142784
652159, 4549126, 1, 4096, 5505024
652197, 6629134, 1, 4096, 712704
652254, 6369150, 1, 4096, 6225920
653727, 5069062, 1, 4096, 6500352
654485, 11049110, 1, 4096, 9728000
655925, 9099078, 1, 4096, 8699904
656684, 2859174, 1, 4096, 1089536
657491, 3119078, 1, 4096, 204800
657569, 9099174, 1, 4096, 7438336
657660, 9879158, 1, 4096, 1302528
659184, 10659182, 1, 4096, 9150464
661889, 3119174, 1, 4096, 1556480
662738, 9099198, 1, 4096, 10342400
662808, 3769174, 1, 4096, 3305472
664345, 8839158, 1, 4096, 9490432
665374, 9619150, 1, 4096, 3850240
665948, 11049118, 1, 4096, 368640
667181, 9619062, 1, 4096, 409600
667223, 6499070, 1, 4096, 770048
667941, 8059182, 1, 4096, 8454144
668008, 4809166, 1, 4096, 2002944
668297, 8059134, 1, 4096, 6590464
670189, 10139078, 1, 4096, 7692288
672201, 3639070, 1, 4096, 7876608
673158, 8579118, 1, 4096, 4239360
673235, 10269078, 1, 4096, 5349376
674106, 5719086, 1, 4096, 4112384
675800, 8839158, 1, 4096, 10301440
676285, 7409214, 1, 4096, 397312
676315, 9749190, 1, 4096, 8704000
677848, 5849134, 1, 4096, 3862528
678456, 8969158, 1, 4096, 10055680
679614, 12739150, 1, 4096, 4612096
680213, 6499078, 1, 4096, 3428352
681844, 4289126, 1, 4096, 7262208
682481, 7669086, 1, 4096, 9240576
683129, 4419126, 1, 4096, 4829184
684233, 7149118, 1, 4096, 1097728
684266, 4419174, 1, 4096, 8556544
686081, 4679174, 1, 4096, 1056768
686927, 9099078, 1, 4096, 2101248
687729, 7799118, 1, 4096, 6152192
688860, 6629102, 1, 4096, 8585216
689568, 9879078, 1, 4096, 7614464
690718, 7409094, 1, 4096, 9576448
691693, 22358268, 1, 4096, 5070848
692778, 14037426, 1, 4096, 9965568
693977, 24957594, 1, 4096, 1150976
694068, 4029134, 1, 4096, 5996544
695608, 10919086, 1, 4096, 7667712
696329, 9879174, 1, 4096, 503808
698856, 6239110, 1, 4096, 3424256
699394, 10399150, 1, 4096, 9191424
700220, 7409134, 1, 4096, 4448256
701200, 4679078, 1, 4096, 5214208
701889, 2729102, 1, 4096, 2752512
702457, 8189094, 1, 4096, 638976
703204, 6499150, 1, 4096, 6680576
704060, 2859158, 1, 4096, 102400
704569, 9359086, 1, 4096, 1675264
706274, 4809110, 1, 4096, 5025792
707043, 4419086, 1, 4096, 3186688
709737, 7409110, 1, 4096, 6705152
710923, 7279094, 1, 4096, 8658944
711623, 4939134, 1, 4096, 3760128
712381, 8189094, 1, 4096, 5779456
714070, 10269086, 1, 4096, 7405568
714839, 11959094, 1, 4096, 9662464
714926, 6109102, 1, 4096, 6901760
717153, 7929118, 1, 4096, 10448896
717219, 8449094, 1, 4096, 8347648
719671, 4029070, 1, 4096, 8036352
719780, 9489158, 1, 4096, 1875968
720205, 7539070, 1, 4096, 1273856
721106, 5979070, 1, 4096, 1601536
721964, 5849126, 1, 4096, 6045696
723919, 5329150, 1, 4096, 143360
724803, 10399070, 1, 4096, 749568
725382, 12999206, 1, 4096, 10289152
726185, 3639142, 1, 4096, 4796416
726285, 6109126, 1, 4096, 1003520
727158, 4419102, 1, 4096, 3297280
728704, 5069070, 1, 4096, 4079616
729549, 5459142, 1, 4096, 9023488
730569, 8319174, 1, 4096, 1757184
731536, 5329166, 1, 4096, 8753152
732361, 2989094, 1, 4096, 10440704
734160, 4809110, 1, 4096, 7593984
735120, 8579166, 1, 4096, 864256
735785, 8059166, 1, 4096, 7516160
735826, 6239070, 1, 4096, 6828032
736750, 10659110, 1, 4096, 3837952
736806, 11049094, 1, 4096, 6033408
738574, 7929110, 1, 4096, 9060352
739182, 7279110, 1, 4096, 5857280
739827, 4289118, 1, 4096, 2469888
740736, 3639118, 1, 4096, 5742592
741162, 7539102, 1, 4096, 8749056
741229, 3509086, 1, 4096, 9953280
743763, 10139198, 1, 4096, 1257472
745196, 10789118, 1, 4096, 4984832
746465, 3899150, 1, 4096, 10338304
747438, 4159222, 1, 4096, 233472
748690, 7019150, 1, 4096, 5783552
750316, 4809118, 1, 4096, 9654272
751201, 4159206, 1, 4096, 57344
751257, 6629102, 1, 4096, 3006464
751620, 6369166, 1, 4096, 9555968
753182, 12089206, 1, 4096, 458752
753768, 4549150, 1, 4096, 5861376
754747, 10919078, 1, 4096, 7012352
755997, 10789118, 1, 4096, 3518464
756817, 2599094, 1, 4096, 5177344
758249, 4679102, 1, 4096, 8003584
759330, 8189078, 1, 4096, 6922240
760125, 10009094, 1, 4096, 4927488
760736, 7409126, 1, 4096, 8957952
762071, 7539174, 1, 4096, 1638400
763051, 2729102, 1, 4096, 4341760
766242, 10659118, 1, 4096, 835584
766316, 10009182, 1, 4096, 8642560
767225, 7799158, 1, 4096, 2375680
768133, 6369166, 1, 4096, 8925184
768193, 5589158, 1, 4096, 3031040
771133, 6499110, 1, 4096, 5971968
772293, 10269086, 1, 4096, 4505600
772389, 8189110, 1, 4096, 7557120
773451, 11569158, 1, 4096, 1523712
775006, 8709190, 1, 4096, 9768960
775045, 4809166, 1, 4096, 2793472
777091, 5069158, 1, 4096, 9256960
777140, 8189078, 1, 4096, 8175616
777743, 9879078, 1, 4096, 9269248
778877, 2989182, 1, 4096, 1146880
779349, 6109198, 1, 4096, 10260480
780404, 5589166, 1, 4096, 3334144
780716, 6759070, 1, 4096, 3715072
782435, 5849158, 1, 4096, 10227712
783081, 3509174, 1, 4096, 2658304
783190, 2599070, 1, 4096, 3289088
783902, 4679078, 1, 4096, 4567040
785924, 4419078, 1, 4096, 3244032
787074, 14038252, 1, 4096, 7249920
787202, 5199078, 1, 4096, 8564736
788378, 29247522, 1, 4096, 1388544
788455, 16767210, 1, 4096, 659456
790063, 30156504, 1, 4096, 4698112
790895, 6499102, 1, 4096, 7639040
793533, 5459142, 1, 4096, 2256896
793597, 10269158, 1, 4096, 8527872
794722, 5849158, 1, 4096, 2138112
795465, 4029158, 1, 4096, 8540160
795501, 9229110, 1, 4096, 5459968
796593, 10529070, 1, 4096, 6070272
796634, 10139102, 1, 4096, 8728576
798721, 4159134, 1, 4096, 3780608
798826, 10399102, 1, 4096, 1286144
799440, 5199182, 1, 4096, 8794112
800294, 6629174, 1, 4096, 1937408
801295, 2989086, 1, 4096, 12288
801313, 7669110, 1, 4096, 3538944
802666, 7279102, 1, 4096, 6017024
803459, 5459062, 1, 4096, 5791744
804010, 8189094, 1, 4096, 3678208
804076, 3119110, 1, 4096, 733184
805629, 5589198, 1, 4096, 9289728
806789, 3899182, 1, 4096, 1744896
807431, 8969134, 1, 4096, 6393856
808196, 6499134, 1, 4096, 1593344
808340, 7669174, 1, 4096, 9252864
809164, 3509070, 1, 4096, 9420800
810866, 8059070, 1, 4096, 9879552
811812, 8709062, 1, 4096, 9863168
812899, 6629198, 1, 4096, 1462272
814369, 10269078, 1, 4096, 512000
814833, 7539166, 1, 4096, 7131136
817450, 8189094, 1, 4096, 9146368
818417, 7669094, 1, 4096, 6995968
819586, 12349102, 1, 4096, 4632576
819695, 4029126, 1, 4096, 8445952
822704, 6239062, 1, 4096, 8278016
822749, 4679190, 1, 4096, 266240
824645, 11439110, 1, 4096, 3514368
824688, 8709070, 1, 4096, 2985984
824745, 4679158, 1, 4096, 8904704
824777, 3899078, 1, 4096, 10133504
825926, 4419198, 1, 4096, 1077248
827497, 9359142, 1, 4096, 6262784
829072, 3899062, 1, 4096, 6455296
829874, 4939118, 1, 4096, 9818112
829929, 5199094, 1, 4096, 8032256
830829, 4549102, 1, 4096, 5173248
830873, 1819086, 1, 4096, 3686400
833735, 6889110, 1, 4096, 978944
835285, 7149158, 1, 4096, 7053312
835354, 6759094, 1, 4096, 8978432
836743, 8839174, 1, 4096, 1748992
837268, 11309110, 1, 4096, 4993024
837971, 5849126, 1, 4096, 8921088
838664, 7669134, 1, 4096, 4194304
840470, 7279118, 1, 4096, 991232
840527, 5589158, 1, 4096, 6971392
841053, 7669118, 1, 4096, 3276800
842245, 7669134, 1, 4096, 7843840
844059, 4029150, 1, 4096, 2371584
845814, 7929062, 1, 4096, 2301952
845879, 10139134, 1, 4096, 7020544
847053, 7799110, 1, 4096, 10047488
847644, 9619166, 1, 4096, 3379200
849248, 7539078, 1, 4096, 4317184
850024, 10789110, 1, 4096, 7532544
850870, 10529102, 1, 4096, 5046272
850918, 4029094, 1, 4096, 2670592
850987, 6759086, 1, 4096, 1503232
853035, 2339158, 1, 4096, 7278592
855197, 4029110, 1, 4096, 4386816
856181, 10919070, 1, 4096, 5021696
858816, 9619062, 1, 4096, 5062656
859893, 8319126, 1, 4096, 892928
860851, 8449142, 1, 4096, 6025216
861266, 11049102, 1, 4096, 3571712
862126, 6499110, 1, 4096, 319488
863843, 9879086, 1, 4096, 1925120
864231, 6109150, 1, 4096, 7426048
865702, 6369110, 1, 4096, 10358784
866557, 2859198, 1, 4096, 1712128
866627, 6109102, 1, 4096, 4628480
868019, 5719102, 1, 4096, 1843200
869223, 5849134, 1, 4096, 6295552
869267, 8059094, 1, 4096, 4169728
871792, 5719142, 1, 4096, 9641984
871888, 4679094, 1, 4096, 7307264
873241, 4809094, 1, 4096, 9629696
873273, 7929190, 1, 4096, 1306624
874791, 7409102, 1, 4096, 3784704
877033, 7669070, 1, 4096, 4218880
877079, 3769110, 1, 4096, 7503872
877139, 5719118, 1, 4096, 3690496
879380, 4549078, 1, 4096, 4956160
880514, 10529078, 1, 4096, 4026368
881271, 3899086, 1, 4096, 5255168
882378, 5199070, 1, 4096, 5013504
882474, 7669102, 1, 4096, 2351104
883911, 5979086, 1, 4096, 3710976
884539, 7539110, 1, 4096, 524288
885668, 16898380, 1, 4096, 9265152
886635, 6237354, 1, 4096, 5222400
887684, 16377186, 1, 4096, 5513216
888832, 3639094, 1, 4096, 3117056
890558, 4809070, 1, 4096, 3887104
890909, 8319118, 1, 4096, 7454720
890933, 8839102, 1, 4096, 4866048
891851, 10919110, 1, 4096, 1896448
892472, 7929142, 1, 4096, 6987776
893112, 5459078, 1, 4096, 7798784
893986, 8449118, 1, 4096, 4157440
895038, 1819142, 1, 4096, 9383936
895316, 6499158, 1, 4096, 3551232
896936, 8059166, 1, 4096, 10199040
899858, 10529134, 1, 4096, 5656576
900525, 7149126, 1, 4096, 9670656
901204, 9099174, 1, 4096, 2453504
902376, 7019166, 1, 4096, 9039872
902878, 5719190, 1, 4096, 573440
903394, 4549150, 1, 4096, 6492160
904294, 4419142, 1, 4096, 1044480
904691, 3249150, 1, 4096, 6873088
905276, 4679150, 1, 4096, 1445888
906836, 7669150, 1, 4096, 7036928
907994, 6499102, 1, 4096, 4304896
908099, 6759070, 1, 4096, 3645440
908128, 3639158, 1, 4096, 10018816
909384, 10139078, 1, 4096, 9064448
909416, 5329174, 1, 4096, 1609728
909447, 3249134, 1, 4096, 6410240
909526, 10009150, 1, 4096, 794624
910638, 11049174, 1, 4096, 8151040
911680, 5459078, 1, 4096, 6897664
912853, 8579094, 1, 4096, 8941568
913727, 4419166, 1, 4096, 2457600
914569, 5329158, 1, 4096, 8425472
914625, 7149150, 1, 4096, 2633728
914639, 7019118, 1, 4096, 6639616
914699, 2339086, 1, 4096, 7766016
915300, 2469126, 1, 4096, 3747840
916174, 6369062, 1, 4096, 4100096
917352, 6889110, 1, 4096, 868352
918496, 6759190, 1, 4096, 8990720
919558, 9229078, 1, 4096, 7974912
920408, 9619158, 1, 4096, 1818624
920534, 8969078, 1, 4096, 2850816
921067, 6629062, 1, 4096, 2707456
922298, 7929174, 1, 4096, 9867264
923255, 8709214, 1, 4096, 40960
924036, 9099062, 1, 4096, 53248
924590, 6629182, 1, 4096, 8159232
925457, 8449158, 1, 4096, 1933312
925766, 7279174, 1, 4096, 9052160
925825, 9749086, 1, 4096, 7553024
926374, 5849078, 1, 4096, 6328320
927413, 4419078, 1, 4096, 5525504
928250, 6499062, 1, 4096, 5365760
928720, 7669102, 1, 4096, 7864320
929871, 6629126, 1, 4096, 4108288
930339, 1169078, 1, 4096, 2584576
931127, 7669070, 1, 4096, 2502656
931962, 9749078, 1, 4096, 1519616
932822, 9359174, 1, 4096, 8769536
933367, 5069126, 1, 4096, 4395008
934245, 12869134, 1, 4096, 9281536
935364, 8449198, 1, 4096, 475136
936334, 8969118, 1, 4096, 4087808
937037, 2209102, 1, 4096, 1085440
937090, 3639134, 1, 4096, 5906432
937171, 8579118, 1, 4096, 9498624
937810, 9749086, 1, 4096, 7999488
938232, 8709118, 1, 4096, 4370432
939410, 7799062, 1, 4096, 4296704
940336, 10919150, 1, 4096, 10092544
941107, 10789206, 1, 4096, 917504
942526, 3379198, 1, 4096, 9338880
942647, 3249174, 1, 4096, 2273280
943197, 12479142, 1, 4096, 7651328
943573, 7539062, 1, 4096, 7561216
944801, 4679110, 1, 4096, 10387456
945834, 5719142, 1, 4096, 5541888
947079, 9099134, 1, 4096, 10194944
947873, 8969182, 1, 4096, 2449408
948268, 10659134, 1, 4096, 7200768
948306, 7929094, 1, 4096, 5074944
949123, 3639102, 1, 4096, 7319552
949191, 3249062, 1, 4096, 7475200
949778, 5069126, 1, 4096, 3100672
950797, 7669070, 1, 4096, 3014656
951512, 8839078, 1, 4096, 4038656
952597, 5459094, 1, 4096, 5881856
953537, 10139126, 1, 4096, 1830912
953702, 9879118, 1, 4096, 5496832
954286, 7539094, 1, 4096, 3342336
955146, 6759102, 1, 4096, 622592
956119, 4029174, 1, 4096, 8052736
956693, 10789118, 1, 4096, 4558848
957421, 7538204, 1, 4096, 1646592
958234, 5979190, 1, 4096, 10231808
959060, 17937258, 1, 4096, 8495104
959232, 23787522, 1, 4096, 1204224
960084, 40556568, 1, 4096, 6443008
960244, 10139078, 1, 4096, 7544832
961724, 11179166, 1, 4096, 974848
962434, 7409150, 1, 4096, 6553600
963607, 6629086, 1, 4096, 4861952
964553, 9359126, 1, 4096, 9011200
964603, 10919150, 1, 4096, 3461120
964632, 8579150, 1, 4096, 9109504
964706, 8579086, 1, 4096, 7536640
964739, 7669062, 1, 4096, 7458816
965653, 11309142, 1, 4096, 2445312
966377, 7149182, 1, 4096, 10067968
967132, 6629206, 1, 4096, 634880
968283, 8969150, 1, 4096, 6307840
969627, 5199094, 1, 4096, 4526080
970016, 7149126, 1, 4096, 8536064
970828, 7019166, 1, 4096, 1703936
972435, 10529086, 1, 4096, 3354624
973347, 12089070, 1, 4096, 4063232
974200, 7149142, 1, 4096, 9113600
975151, 9619158, 1, 4096, 2957312
975559, 7669086, 1, 4096, 4423680
975594, 10529078, 1, 4096, 5558272
976823, 3639102, 1, 4096, 2637824
977837, 9879158, 1, 4096, 8892416
977890, 5589142, 1, 4096, 4030464
978676, 5199118, 1, 4096, 7409664
979497, 4289158, 1, 4096, 1437696
980605, 4159070, 1, 4096, 1650688
980949, 7669142, 1, 4096, 6729728
981019, 2079158, 1, 4096, 618496
981991, 9229070, 1, 4096, 118784
983625, 5459214, 1, 4096, 10215424
984696, 7409134, 1, 4096, 5476352
985347, 11179126, 1, 4096, 1482752
986482, 2079070, 1, 4096, 1568768
986595, 8579086, 1, 4096, 3604480
986787, 8579078, 1, 4096, 4616192
987759, 6239126, 1, 4096, 315392
989303, 8449078, 1, 4096, 1314816
989707, 5589062, 1, 4096, 1101824
990250, 6109126, 1, 4096, 5562368
991234, 3899110, 1, 4096, 8339456
991925, 5589078, 1, 4096, 9678848
992032, 3769166, 1, 4096, 2641920
992071, 7409134, 1, 4096, 7704576
993016, 4159086, 1, 4096, 5853184
993610, 10399094, 1, 4096, 8007680
994103, 12479070, 1, 4096, 7708672
994145, 9229078, 1, 4096, 6692864
994164, 1559150, 1, 4096, 548864
994759, 2859150, 1, 4096, 6356992
995808, 7409118, 1, 4096, 9875456
996961, 3379070, 1, 4096, 9523200
997334, 8449158, 1, 4096, 3293184
997896, 7669070, 1, 4096, 2695168
999348, 11179150, 1, 4096, 8511488
1000371, 5979126, 1, 4096, 4198400
1001474, 5719094, 1, 4096, 6569984
1002744, 9489102, 1, 4096, 4022272
1002767, 5849118, 1, 4096, 7442432
1003530, 5329070, 1, 4096, 7213056
1003756, 2599078, 1, 4096, 5775360
1005337, 9489094, 1, 4096, 7872512
1006419, 3379070, 1, 4096, 7524352
1007449, 11959062, 1, 4096, 7712768
1008128, 3379086, 1, 4096, 5812224
1008186, 6629110, 1, 4096, 3084288
1008764, 6499086, 1, 4096, 4476928
1009663, 10919134, 1, 4096, 9244672
1011317, 6499166, 1, 4096, 2379776
1012779, 11569062, 1, 4096, 2539520
1013540, 6239070, 1, 4096, 2883584
1013789, 7019142, 1, 4096, 7925760
1014007, 8579086, 1, 4096, 6348800
1014804, 11699094, 1, 4096, 8589312
1015392, 10919118, 1, 4096, 5095424
1016426, 2469118, 1, 4096, 1073152
1017706, 9619110, 1, 4096, 4214784
1018161, 7149102, 1, 4096, 7196672
1018888, 2989078, 1, 4096, 7852032
1019047, 4549182, 1, 4096, 344064
1019620, 9099182, 1, 4096, 8093696
1020531, 5459070, 1, 4096, 7360512
1021761, 7799118, 1, 4096, 3670016
1023145, 7539126, 1, 4096, 8224768
1024366, 2599078, 1, 4096, 6791168
1024968, 2989078, 1, 4096, 7962624
1025866, 9619118, 1, 4096, 4390912
1026416, 8319110, 1, 4096, 7446528
1027105, 10659070, 1, 4096, 7041024
1028520, 6109070, 1, 4096, 6344704
1029456, 6369102, 1, 4096, 9273344
1029624, 5849182, 1, 4096, 1335296
1029684, 6499078, 1, 4096, 2215936
1029719, 3899150, 1, 4096, 8085504
1030965, 3899094, 1, 4096, 9830400
1031002, 8709134, 1, 4096, 5169152
1031675, 6629110, 1, 4096, 2441216
1031754, 13778124, 1, 4096, 2314240
1033173, 18327210, 1, 4096, 1613824
1033951, 28857378, 1, 4096, 5787648
1035093, 10789102, 1, 4096, 3317760
1035145, 11959110, 1, 4096, 6602752
1035199, 5329070, 1, 4096, 6889472
1036110, 9229110, 1, 4096, 3813376
1036140, 7279158, 1, 4096, 9895936
1037020, 2729086, 1, 4096, 8474624
1037994, 7669190, 1, 4096, 131072
1038786, 8579198, 1, 4096, 8884224
1039706, 7929158, 1, 4096, 2621440
1040369, 4809158, 1, 4096, 9068544
1040454, 10529070, 1, 4096, 9682944
1041424, 6369174, 1, 4096, 2297856
1041454, 10919094, 1, 4096, 352256
1042754, 8709174, 1, 4096, 7565312
1043877, 7279142, 1, 4096, 2293760
1045772, 12479134, 1, 4096, 7159808
1046490, 8839110, 1, 4096, 10248192
1047409, 4549062, 1, 4096, 9969664
1048233, 9099214, 1, 4096, 172032
1048390, 10269158, 1, 4096, 6447104
1048926, 7799062, 1, 4096, 6373376
1050481, 4549134, 1, 4096, 1970176
1051099, 5979110, 1, 4096, 4874240
1051261, 9359094, 1, 4096, 6967296
1053597, 6499086, 1, 4096, 5263360
1054790, 9749118, 1, 4096, 1699840
1055438, 6499142, 1, 4096, 7221248
1056371, 7929062, 1, 4096, 7155712
1057271, 2729166, 1, 4096, 49152
1058515, 10009118, 1, 4096, 3731456
1059019, 7799086, 1, 4096, 5206016
1060067, 10009078, 1, 4096, 4235264
1061132, 4159078, 1, 4096, 3416064
1061178, 7019166, 1, 4096, 10002432
1061196, 10399134, 1, 4096, 5451776
1062108, 11439078, 1, 4096, 6635520
1062656, 5589102, 1, 4096, 9003008
1063946, 8969134, 1, 4096, 4358144
1063992, 8449078, 1, 4096, 5357568
1065531, 7929094, 1, 4096, 3227648
1066570, 9359070, 1, 4096, 2736128
1067307, 9619150, 1, 4096, 8458240
1067595, 7669086, 1, 4096, 6823936
1069910, 9359086, 1, 4096, 5304320
1070483, 6369094, 1, 4096, 7716864
1071532, 8449086, 1, 4096, 9232384
1072758, 3769070, 1, 4096, 8388608
1072946, 7539190, 1, 4096, 45056
1073660, 4029078, 1, 4096, 1277952
1074309, 6239166, 1, 4096, 7815168
1076085, 9489070, 1, 4096, 7335936
1077519, 8709086, 1, 4096, 8867840
1077735, 4549158, 1, 4096, 2912256
1078298, 3769110, 1, 4096, 5681152
1078565, 2859118, 1, 4096, 2195456
1079110, 4419182, 1, 4096, 10166272
1080343, 4809206, 1, 4096, 614400
1081064, 6369086, 1, 4096, 2514944
1081740, 7019078, 1, 4096, 1359872
1082470, 4679094, 1, 4096, 3158016
1083811, 4289094, 1, 4096, 5439488
1084175, 10009086, 1, 4096, 3956736
1084740, 11569150, 1, 4096, 9801728
1084979, 5329070, 1, 4096, 10084352
1085669, 10009174, 1, 4096, 2924544
1086698, 9619078, 1, 4096, 4001792
1087566, 3119118, 1, 4096, 20480
1087660, 5199166, 1, 4096, 7004160
1088236, 7019150, 1, 4096, 1208320
1089336, 5849070, 1, 4096, 2043904
1089970, 3899166, 1, 4096, 8433664
1090718, 11569126, 1, 4096, 4468736
1092218, 5589118, 1, 4096, 7868416
1093271, 9619062, 1, 4096, 7909376
1093877, 4679078, 1, 4096, 7118848
1094125, 7669102, 1, 4096, 9617408
1094159, 3769142, 1, 4096, 4128768
1095093, 2339126, 1, 4096, 98304
1095180, 2859110, 1, 4096, 3325952
1095707, 6369094, 1, 4096, 5226496
1096991, 5719078, 1, 4096, 6574080
1098149, 4939118, 1, 4096, 9932800
1099116, 8839134, 1, 4096, 5275648
1100245, 4029086, 1, 4096, 3932160
1100537, 10789126, 1, 4096, 8179712
1100556, 9619166, 1, 4096, 1507328
1100623, 4289142, 1, 4096, 6377472
1100660, 7149118, 1, 4096, 2646016
1101612, 5459110, 1, 4096, 6041600
1102835, 3249102, 1, 4096, 8257536
1103691, 5199094, 1, 4096, 6471680
1104668, 6109070, 1, 4096, 6807552
1105977, 10009134, 1, 4096, 2228224
1106405, 9879086, 1, 4096, 737280
1107127, 11178300, 1, 4096, 6201344
1107448, 2989126, 1, 4096, 10473472
1107511, 17547210, 1, 4096, 10276864
1108584, 15987474, 1, 4096, 3854336
1109530, 30676504, 1, 4096, 7897088
1110905, 9099078, 1, 4096, 6877184
1111772, 11049086, 1, 4096, 8552448
1111897, 7929190, 1, 4096, 229376
1111913, 11699102, 1, 4096, 2981888
1111975, 9879118, 1, 4096, 6656000
1112006, 8189086, 1, 4096, 5058560
1113040, 3769094, 1, 4096, 2666496
1113917, 5979158, 1, 4096, 9183232
1115110, 5589182, 1, 4096, 1232896
1116089, 7799110, 1, 4096, 4255744
1117290, 8839134, 1, 4096, 8888320
1117694, 4679166, 1, 4096, 2424832
1118415, 6109182, 1, 4096, 9986048
1119452, 8579198, 1, 4096, 1191936
1120276, 7539158, 1, 4096, 7294976
1121086, 5329094, 1, 4096, 9646080
1121692, 7149126, 1, 4096, 5402624
1122530, 7539102, 1, 4096, 7888896
1123379, 6109094, 1, 4096, 6160384
1124170, 6239078, 1, 4096, 4960256
1126104, 6109078, 1, 4096, 5808128
1126916, 8059086, 1, 4096, 7303168
1128722, 8969086, 1, 4096, 5750784
1128909, 7279070, 1, 4096, 5644288
1130884, 8059102, 1, 4096, 3010560
1131771, 10009086, 1, 4096, 4624384
1133084, 2599078, 1, 4096, 5251072
1133927, 3509110, 1, 4096, 2326528
1133985, 9099070, 1, 4096, 1822720
1134002, 9489062, 1, 4096, 1851392
1134012, 4419086, 1, 4096, 3112960
1134078, 2989118, 1, 4096, 6864896
1135150, 10269150, 1, 4096, 1269760
1135192, 5849078, 1, 4096, 2105344
1135841, 8579070, 1, 4096, 1564672
1136919, 8969150, 1, 4096, 7245824
1138089, 5589070, 1, 4096, 8060928
1139225, 9229150, 1, 4096, 2404352
1139813, 7539094, 1, 4096, 249856
1142053, 6889174, 1, 4096, 7340032
1142935, 10399062, 1, 4096, 7434240
1144062, 4939158, 1, 4096, 1499136
1144919, 2469110, 1, 4096, 4186112
1144960, 9099086, 1, 4096, 2650112
1145904, 7019086, 1, 4096, 4587520
1146858, 2599110, 1, 4096, 7286784
1147833, 5719078, 1, 4096, 6561792
1148549, 5459062, 1, 4096, 6340608
1149158, 6759134, 1, 4096, 1560576
1150011, 4809166, 1, 4096, 8523776
1150279, 9879142, 1, 4096, 3420160
1150791, 11829134, 1, 4096, 8245248
1151789, 1299086, 1, 4096, 9306112
1152081, 3249182, 1, 4096, 1724416
1152730, 6239070, 1, 4096, 1036288
1153804, 1299198, 1, 4096, 9838592
1154684, 7409070, 1, 4096, 9740288
1155435, 1949078, 1, 4096, 8269824
1155523, 3249174, 1, 4096, 1200128
1155589, 10529070, 1, 4096, 1814528
1155621, 12609110, 1, 4096, 5136384
1156799, 6889094, 1, 4096, 7073792
1157499, 5719102, 1, 4096, 4284416
1158553, 8709150, 1, 4096, 9945088
1159543, 3899190, 1, 4096, 1888256
1160564, 7019158, 1, 4096, 7954432
1160805, 11569070, 1, 4096, 7606272
1160826, 4549102, 1, 4096, 4743168
1160882, 8969118, 1, 4096, 8359936
1160929, 6499134, 1, 4096, 4071424
1161794, 2209094, 1, 4096, 5709824
1162673, 9879142, 1, 4096, 610304
1163866, 4939070, 1, 4096, 356352
1164642, 3639214, 1, 4096, 9826304
1166102, 4159094, 1, 4096, 7970816
1166244, 9229158, 1, 4096, 1794048
1166495, 8319078, 1, 4096, 724992
1167042, 12089190, 1, 4096, 9179136
1167879, 9489134, 1, 4096, 4562944
1169063, 5719078, 1, 4096, 5390336
1169814, 12349086, 1, 4096, 4059136
1170682, 5849150, 1, 4096, 9535488
1171388, 11439110, 1, 4096, 6598656
1171553, 5459078, 1, 4096, 5345280
1172277, 4419118, 1, 4096, 1957888
1173127, 6889174, 1, 4096, 9056256
1174215, 8449126, 1, 4096, 4890624
1174937, 6239110, 1, 4096, 1622016
1175699, 3899086, 1, 4096, 270336
1176156, 7799094, 1, 4096, 2265088
1177180, 11439166, 1, 4096, 9129984
1177303, 4679198, 1, 4096, 81920
1177339, 6499150, 1, 4096, 6119424
1178273, 2729070, 1, 4096, 6246400
1179685, 10009078, 1, 4096, 7344128
1180733, 8319094, 1, 4096, 5238784
1181481, 7929070, 1, 4096, 5689344
1181565, 2079118, 1, 4096, 9379840
1182148, 17418124, 1, 4096, 9363456
1182538, 9357522, 1, 4096, 2289664
1183065, 38217330, 1, 4096, 5619712
1184435, 5329126, 1, 4096, 9519104
1185212, 10659102, 1, 4096, 7049216
1186010, 7149062, 1, 4096, 6930432
1186982, 6759158, 1, 4096, 602112
1187710, 5199206, 1, 4096, 10170368
1187729, 7149094, 1, 4096, 7991296
1187790, 9099086, 1, 4096, 6451200
1188364, 11699094, 1, 4096, 8687616
1189348, 7279086, 1, 4096, 7028736
1191770, 4289094, 1, 4096, 4673536
1192995, 8969070, 1, 4096, 5189632
1193409, 5719118, 1, 4096, 1884160
1194036, 7669126, 1, 4096, 5931008
1195243, 7409078, 1, 4096, 4804608
1196611, 9749118, 1, 4096, 8462336
1197389, 7669190, 1, 4096, 126976
1198371, 4809206, 1, 4096, 9666560
1198667, 8709070, 1, 4096, 9138176
1198719, 9879110, 1, 4096, 6094848
1199321, 7929062, 1, 4096, 6029312
1200840, 11439062, 1, 4096, 6184960
1202427, 5329070, 1, 4096, 6475776
1203586, 9619086, 1, 4096, 4968448
1204421, 8709070, 1, 4096, 4435968
1205923, 10789070, 1, 4096, 5066752
1207705, 7019078, 1, 4096, 3911680
1208862, 10269110, 1, 4096, 897024
1209656, 10529070, 1, 4096, 479232
1210224, 1559206, 1, 4096, 9297920
1211505, 1429086, 1, 4096, 7794688
1212302, 7539062, 1, 4096, 8220672
1213127, 1559086, 1, 4096, 6205440
1214653, 7409078, 1, 4096, 5586944
1214998, 2469070, 1, 4096, 5697536
1215030, 6369094, 1, 4096, 8114176
1216075, 11049078, 1, 4096, 7208960
1217121, 1299158, 1, 4096, 532480
1218198, 3769166, 1, 4096, 7430144
1219796, 11439102, 1, 4096, 5009408
1220488, 7669078, 1, 4096, 3891200
1220552, 9359126, 1, 4096, 8044544
1220593, 6759142, 1, 4096, 2744320
1221501, 11569102, 1, 4096, 5488640
1221641, 5719142, 1, 4096, 10444800
1222549, 6889110, 1, 4096, 7733248
1223269, 3249118, 1, 4096, 3764224
1224450, 7149126, 1, 4096, 7774208
1225400, 9359086, 1, 4096, 6254592
1226102, 4549070, 1, 4096, 7008256
1226243, 10399126, 1, 4096, 2969600
1226999, 5979166, 1, 4096, 9486336
1227838, 6109062, 1, 4096, 9310208
1228921, 6109150, 1, 4096, 3964928
1229616, 10139126, 1, 4096, 8167424
1230819, 10009062, 1, 4096, 8237056
1231794, 6369062, 1, 4096, 8073216
1231932, 6239078, 1, 4096, 6868992
1232533, 9489094, 1, 4096, 4837376
1233502, 7929094, 1, 4096, 6836224
1234616, 11309158, 1, 4096, 786432
1235932, 12739094, 1, 4096, 3092480
1236945, 8319142, 1, 4096, 8212480
1237080, 2209078, 1, 4096, 6754304
1238235, 6629086, 1, 4096, 5570560
1238975, 2989134, 1, 4096, 9842688
1239020, 5589110, 1, 4096, 7045120
1240450, 4029094, 1, 4096, 4669440
1242117, 5329134, 1, 4096, 9601024
1242494, 4419102, 1, 4096, 6733824
1244347, 8579086, 1, 4096, 8261632
1245442, 7149118, 1, 4096, 5050368
1246262, 10399142, 1, 4096, 10297344
1246855, 4029198, 1, 4096, 1216512
1247958, 6239166, 1, 4096, 7749632
1250591, 6109070, 1, 4096, 8605696
1251128, 9879086, 1, 4096, 7114752
1253032, 5589094, 1, 4096, 8962048
1253583, 4679174, 1, 4096, 1986560
1254102, 7409182, 1, 4096, 9625600
1255166, 4029118, 1, 4096, 5701632
1256355, 6889086, 1, 4096, 7634944
1257377, 5329086, 1, 4096, 8953856
1257484, 9619078, 1, 4096, 7966720
1258452, 9749062, 1, 4096, 8015872
1259320, 9099078, 1, 4096, 6991872
1259363, 10269086, 1, 4096, 5521408
1260245, 10529102, 1, 4096, 8204288
1261429, 8449166, 1, 4096, 1458176
1262154, 2859070, 1, 4096, 1589248
1263114, 8969110, 1, 4096, 4689920
1264718, 7669094, 1, 4096, 7188480
1264737, 6629166, 1, 4096, 331776
1264797, 10659102, 1, 4096, 3018752
1264830, 5589102, 1, 4096, 5382144
1265790, 15338140, 1, 4096, 5816320
1267192, 7149142, 1, 4096, 544768
1268586, 13647330, 1, 4096, 3874816
1269663, 21057354, 1, 4096, 7364608
1270463, 23396376, 1, 4096, 9752576
1270582, 4809166, 1, 4096, 2777088
1271233, 4679078, 1, 4096, 1990656
1272349, 8839174, 1, 4096, 9211904
1272931, 10009102, 1, 4096, 6696960
1274039, 8579102, 1, 4096, 9248768
1274835, 5329158, 1, 4096, 2826240
1275589, 12349078, 1, 4096, 2007040
1275916, 2339086, 1, 4096, 3137536
1276619, 2339078, 1, 4096, 2207744
1277607, 8059062, 1, 4096, 2150400
1278541, 4549150, 1, 4096, 8065024
1279507, 4029174, 1, 4096, 528384
1280758, 6239182, 1, 4096, 8609792
1281360, 5979062, 1, 4096, 8421376
1281430, 8449086, 1, 4096, 6840320
1282312, 10399078, 1, 4096, 5898240
1283016, 10139118, 1, 4096, 2359296
1283131, 4939118, 1, 4096, 5722112
1284003, 3379086, 1, 4096, 4337664
1285412, 11829134, 1, 4096, 9162752
1286002, 2989182, 1, 4096, 1040384
1286623, 7929078, 1, 4096, 2523136
1286765, 8059062, 1, 4096, 2465792
1287383, 2989190, 1, 4096, 10350592
1287747, 7929134, 1, 4096, 6156288
1289028, 4679134, 1, 4096, 1236992
1289824, 5589142, 1, 4096, 6701056
1291394, 6239150, 1, 4096, 856064
1292178, 10529062, 1, 4096, 950272
1292363, 4159158, 1, 4096, 6844416
1292403, 9619094, 1, 4096, 8945664
1293373, 11829126, 1, 4096, 4997120
1294286, 7669126, 1, 4096, 9048064
1295030, 5979190, 1, 4096, 598016
1295722, 3899142, 1, 4096, 5955584
1296976, 12089070, 1, 4096, 5636096
1297982, 7669110, 1, 4096, 8650752
1298020, 4809118, 1, 4096, 4780032
1299557, 7929150, 1, 4096, 10391552
1301116, 8839214, 1, 4096, 577536
1302142, 3509110, 1, 4096, 3842048
1303236, 7799134, 1, 4096, 8417280
1303674, 8059078, 1, 4096, 9392128
1304688, 6499126, 1, 4096, 5623808
1305964, 3509078, 1, 4096, 4243456
1306971, 5199078, 1, 4096, 5554176
1307587, 5199094, 1, 4096, 7380992
1308415, 5719070, 1, 4096, 7180288
1308895, 6629102, 1, 4096, 9613312
1310060, 8969150, 1, 4096, 3936256
1311398, 6759062, 1, 4096, 3796992
1312470, 8839070, 1, 4096, 4300800
1313017, 5849126, 1, 4096, 495616
1313817, 5979062, 1, 4096, 303104
1313900, 9359118, 1, 4096, 3940352
1314725, 3899086, 1, 4096, 2072576
1315479, 8319070, 1, 4096, 2031616
1316922, 8449086, 1, 4096, 3547136
1317859, 2469174, 1, 4096, 10366976
1319362, 5329214, 1, 4096, 843776
1319467, 6239150, 1, 4096, 6352896
1320150, 11179094, 1, 4096, 4427776
1320711, 12349110, 1, 4096, 1544192
1320893, 1559078, 1, 4096, 2109440
1322418, 4549174, 1, 4096, 9568256
1323715, 8449102, 1, 4096, 6955008
1324818, 10789110, 1, 4096, 3977216
1325499, 6499158, 1, 4096, 10014720
1327275, 9879166, 1, 4096, 3362816
1328341, 7019134, 1, 4096, 7880704
1329095, 4679102, 1, 4096, 5550080
1329709, 6109086, 1, 4096, 6918144
1330390, 7799110, 1, 4096, 9936896
1330498, 6109158, 1, 4096, 4083712
1330554, 7409110, 1, 4096, 884736
1331180, 6629126, 1, 4096, 4870144
1332108, 11309078, 1, 4096, 6049792
1333077, 6109126, 1, 4096, 1736704
1334370, 9879190, 1, 4096, 10051584
1335114, 9359182, 1, 4096, 2334720
1335896, 11309062, 1, 4096, 2486272
1336218, 6369070, 1, 4096, 1806336
1336980, 7929134, 1, 4096, 6381568
1338096, 8449150, 1, 4096, 675840
1339292, 7019182, 1, 4096, 8290304
1340304, 6629110, 1, 4096, 5566464
1341027, 10529094, 1, 4096, 3600384
1341628, 1949102, 1, 4096, 5734400
1341707, 4419126, 1, 4096, 1835008
1342350, 8059062, 1, 4096, 1777664
1342744, 12739102, 1, 4096, 4595712
1343661, 3379070, 1, 4096, 3727360
1343817, 3899062, 1, 4096, 3928064
1345238, 4809070, 1, 4096, 4182016
1346579, 9749110, 1, 4096, 1130496
1347486, 8709126, 1, 4096, 5242880
1348202, 5199126, 1, 4096, 1396736
1349171, 9359062, 1, 4096, 1417216
1350200, 18718140, 1, 4096, 929792
1351361, 12477378, 1, 4096, 4755456
1351859, 31587378, 1, 4096, 720896
1352346, 7019174, 1, 4096, 7827456
1352979, 4419086, 1, 4096, 6508544
1353084, 11959110, 1, 4096, 9793536
1354068, 5849102, 1, 4096, 7016448
1354747, 4419086, 1, 4096, 8273920
1355766, 3119174, 1, 4096, 1196032
1356832, 8709206, 1, 4096, 10469376
1358324, 4159134, 1, 4096, 6037504
1358566, 4809134, 1, 4096, 10424320
1359276, 6109214, 1, 4096, 954368
1360414, 4809110, 1, 4096, 3788800
1360487, 12089158, 1, 4096, 10174464
1360515, 4549142, 1, 4096, 4734976
1361812, 3899118, 1, 4096, 8548352
1363448, 7019078, 1, 4096, 7389184
1364198, 4159126, 1, 4096, 3473408
1364256, 4549062, 1, 4096, 3194880
1364897, 9489102, 1, 4096, 651264
1365438, 4159150, 1, 4096, 6541312
1367437, 7409094, 1, 4096, 8503296
1368929, 7409070, 1, 4096, 7892992
1369639, 6629094, 1, 4096, 9809920
1369657, 1689166, 1, 4096, 3153920
1369736, 7019094, 1, 4096, 5615616
1370222, 4029078, 1, 4096, 6332416
1370605, 6629142, 1, 4096, 1540096
1371959, 4679086, 1, 4096, 2818048
1373072, 11569094, 1, 4096, 921600
1374471, 4549118, 1, 4096, 4251648
1375416, 11179118, 1, 4096, 782336
1375530, 8969166, 1, 4096, 7487488
1376168, 12609126, 1, 4096, 3588096
1376534, 1559070, 1, 4096, 2605056
1377919, 8059110, 1, 4096, 6164480
1379052, 5979134, 1, 4096, 1331200
1380220, 11049150, 1, 4096, 7139328
1380815, 7149158, 1, 4096, 831488
1381483, 6369166, 1, 4096, 7372800
1382644, 8969102, 1, 4096, 9957376
1382721, 11439134, 1, 4096, 5464064
1383274, 7149078, 1, 4096, 4321280
1384507, 4289078, 1, 4096, 3506176
1386010, 6369094, 1, 4096, 5406720
1386605, 12089102, 1, 4096, 3022848
1387898, 5459150, 1, 4096, 8478720
1388047, 7929070, 1, 4096, 8933376
1388639, 4029158, 1, 4096, 2945024
1390170, 4289166, 1, 4096, 9359360
1391046, 4419166, 1, 4096, 2875392
1391699, 4809086, 1, 4096, 4165632
1391751, 3769086, 1, 4096, 2801664
1393398, 10789078, 1, 4096, 3948544
1394697, 11309142, 1, 4096, 9261056
1395505, 5979190, 1, 4096, 815104
1396602, 9749094, 1, 4096, 2928640
1397138, 7409158, 1, 4096, 9019392
1397353, 10139198, 1, 4096, 323584
1397390, 11699094, 1, 4096, 2560000
1399167, 9099142, 1, 4096, 7729152
1399770, 5849078, 1, 4096, 6496256
1400880, 5589126, 1, 4096, 2154496
1402317, 9099094, 1, 4096, 4227072
1402880, 8059118, 1, 4096, 557056
1402956, 5069142, 1, 4096, 5988352
1403870, 8319086, 1, 4096, 7499776
1404737, 7539166, 1, 4096, 700416
1406247, 8059206, 1, 4096, 9928704
1407077, 5459118, 1, 4096, 6610944
1408216, 7799126, 1, 4096, 2408448
1408775, 11179158, 1, 4096, 8740864
1409849, 6759182, 1, 4096, 860160
1409908, 7019142, 1, 4096, 5902336
1411175, 7539134, 1, 4096, 10452992
1411887, 5459134, 1, 4096, 6103040
1412575, 6759062, 1, 4096, 5967872
1413667, 5459118, 1, 4096, 9355264
1413810, 8969094, 1, 4096, 7290880
1413877, 10399142, 1, 4096, 2224128
1415757, 5589134, 1, 4096, 7172096
1416821, 2859070, 1, 4096, 6266880
1417955, 3249094, 1, 4096, 4362240
1418393, 11309110, 1, 4096, 1413120
1419063, 9229142, 1, 4096, 6586368
1420804, 3769126, 1, 4096, 2129920
1421652, 6239070, 1, 4096, 2990080
1423147, 10529126, 1, 4096, 7217152
1424188, 5199110, 1, 4096, 10076160
1424919, 6889214, 1, 4096, 139264
1425799, 6629070, 1, 4096, 1028096
1426546, 3509142, 1, 4096, 5840896
1427899, 7799094, 1, 4096, 3706880
1428688, 8189062, 1, 4096, 3657728
1429525, 5199134, 1, 4096, 8581120
1430504, 11049070, 1, 4096, 9224192
1431205, 17938348, 1, 4096, 1998848
1432358, 8969150, 1, 4096, 7675904
1433104, 11307258, 1, 4096, 5799936
1434220, 24177330, 1, 4096, 8839168
1435459, 37436504, 1, 4096, 4739072
1436088, 6109126, 1, 4096, 9203712
1437340, 5459198, 1, 4096, 208896
1438939, 10529206, 1, 4096, 9596928
1439665, 10789190, 1, 4096, 1454080
1440766, 5589094, 1, 4096, 3301376
1441327, 4679102, 1, 4096, 6127616
1442268, 4549078, 1, 4096, 4816896
1444339, 11179086, 1, 4096, 3407872
1446030, 4159126, 1, 4096, 7237632
1446251, 3249094, 1, 4096, 9457664
1446897, 11439102, 1, 4096, 7032832
1447298, 9619134, 1, 4096, 2428928
1448749, 3769094, 1, 4096, 4161536
1449593, 2859070, 1, 4096, 4812800
1450702, 7149062, 1, 4096, 4694016
1451418, 4939094, 1, 4096, 2895872
1452212, 11439094, 1, 4096, 5115904
1452835, 7669118, 1, 4096, 8646656
1453832, 7929166, 1, 4096, 1867776
1455036, 10919126, 1, 4096, 6123520
1456006, 2079110, 1, 4096, 8785920
1456813, 3769166, 1, 4096, 2260992
1456916, 7279134, 1, 4096, 6799360
1457568, 5459094, 1, 4096, 9158656
1457997, 5979118, 1, 4096, 5361664
1458896, 4679142, 1, 4096, 446464
1460121, 7149158, 1, 4096, 6520832
1461153, 4289150, 1, 4096, 552960
1462143, 3509110, 1, 4096, 3817472
1462256, 8709102, 1, 4096, 1224704
1463345, 8579078, 1, 4096, 163840
1464383, 5849190, 1, 4096, 8744960
1465783, 5459094, 1, 4096, 6459392
1466683, 11179102, 1, 4096, 9175040
1467283, 3379142, 1, 4096, 3665920
1467770, 9749150, 1, 4096, 9388032
1468363, 10399110, 1, 4096, 6385664
1469544, 10269062, 1, 4096, 6467584
1470662, 8189070, 1, 4096, 6934528
1471570, 12869126, 1, 4096, 3047424
1472596, 2989102, 1, 4096, 90112
1472688, 3509166, 1, 4096, 6975488
1473397, 11959078, 1, 4096, 8192000
1474282, 2729078, 1, 4096, 6770688
1474964, 10139142, 1, 4096, 1683456
1475846, 4939174, 1, 4096, 9170944
1476678, 5069070, 1, 4096, 9437184
1476729, 9229174, 1, 4096, 2232320
1477640, 4939086, 1, 4096, 942080
1477969, 2599110, 1, 4096, 3637248
1478744, 7669118, 1, 4096, 7684096
1479831, 5459078, 1, 4096, 8499200
1480596, 11309190, 1, 4096, 385024
1481142, 8449102, 1, 4096, 2932736
1481314, 9489166, 1, 4096, 9674752
1481340, 3249158, 1, 4096, 3121152
1482558, 7149150, 1, 4096, 9199616
1483148, 2729062, 1, 4096, 8806400
1483686, 2209126, 1, 4096, 4767744
1483762, 3639078, 1, 4096, 5984256
1483788, 7019126, 1, 4096, 1728512
1484525, 9489182, 1, 4096, 9506816
1485199, 4809102, 1, 4096, 7176192
1486424, 4809094, 1, 4096, 4849664
1487357, 7149118, 1, 4096, 8351744
1489017, 9359078, 1, 4096, 9404416
1489184, 7019094, 1, 4096, 7737344
1489222, 1169102, 1, 4096, 4661248
1490309, 2729102, 1, 4096, 2203648
1491298, 6889118, 1, 4096, 5685248
1492063, 2729086, 1, 4096, 4263936
1493252, 8449094, 1, 4096, 2166784
1494396, 7409086, 1, 4096, 3612672
1494477, 5979086, 1, 4096, 5492736
1495719, 8059070, 1, 4096, 5951488
1496860, 5849070, 1, 4096, 6270976
1497456, 2469118, 1, 4096, 2764800
1498473, 4939158, 1, 4096, 9220096
1499759, 3639190, 1, 4096, 626688
1501280, 10009198, 1, 4096, 9461760
1502400, 6369150, 1, 4096, 3620864
1503544, 3899086, 1, 4096, 5369856
1504415, 9099126, 1, 4096, 9502720
1505413, 8969158, 1, 4096, 3313664
1507060, 12739070, 1, 4096, 4067328
1508174, 5069086, 1, 4096, 2269184
1509207, 10009078, 1, 4096, 3366912
1510163, 11179102, 1, 4096, 925696
1510383, 9359134, 1, 4096, 5599232
1510466, 2859094, 1, 4096, 3149824
1511411, 5459126, 1, 4096, 7573504
1511435, 8189174, 1, 4096, 299008
1512402, 7669094, 1, 4096, 2281472
1513084, 4939078, 1, 4096, 1511424
1515270, 9229102, 1, 4096, 4104192
1515944, 2339110, 1, 4096, 6782976
1516008, 3639102, 1, 4096, 9547776
1517751, 10399182, 1, 4096, 1892352
1518571, 16638364, 1, 4096, 9592832
1520297, 26907282, 1, 4096, 7528448
1521110, 17937378, 1, 4096, 3215360
1522234, 6759078, 1, 4096, 4620288
1522942, 1299086, 1, 4096, 2588672
1522997, 5459094, 1, 4096, 819200
1524466, 6889094, 1, 4096, 2756608
1525174, 11049110, 1, 4096, 5980160
1526014, 5329118, 1, 4096, 2142208
1526703, 6889166, 1, 4096, 9236480
1528597, 8319086, 1, 4096, 7647232
1529752, 2469110, 1, 4096, 10330112
1530816, 3639070, 1, 4096, 9994240
1531607, 4549206, 1, 4096, 946176
1532318, 9489110, 1, 4096, 4075520
1534184, 9619118, 1, 4096, 499712
1536546, 8969150, 1, 4096, 6176768
1537091, 8449070, 1, 4096, 6664192
1537947, 6109086, 1, 4096, 4935680
1538048, 10919094, 1, 4096, 7122944
1538888, 8319110, 1, 4096, 3981312
1539766, 10529118, 1, 4096, 7696384
1540915, 1559118, 1, 4096, 3616768
1542139, 7669102, 1, 4096, 6627328
1542197, 7019078, 1, 4096, 5472256
1542958, 10009134, 1, 4096, 10186752
1543240, 6369086, 1, 4096, 8470528
1543811, 7799142, 1, 4096, 3235840
1544050, 7409110, 1, 4096, 6238208
1545581, 4549134, 1, 4096, 1826816
1546260, 10789142, 1, 4096, 7106560
1548203, 3769062, 1, 4096, 6778880
1548357, 7279102, 1, 4096, 4608000
1549046, 3899126, 1, 4096, 159744
1550500, 3769118, 1, 4096, 3960832
1552146, 10789078, 1, 4096, 3039232
1553468, 7929158, 1, 4096, 9166848
1553546, 10139150, 1, 4096, 3567616
1554847, 1689134, 1, 4096, 7753728
1554876, 8319094, 1, 4096, 10293248
1556184, 2469198, 1, 4096, 1110016
1556708, 8969110, 1, 4096, 4206592
1557662, 6499086, 1, 4096, 6111232
1558827, 4549062, 1, 4096, 5836800
1558898, 8839062, 1, 4096, 5828608
1559636, 6499110, 1, 4096, 3088384
1560955, 3119062, 1, 4096, 2723840
1561319, 3509078, 1, 4096, 1863680
1563103, 10399190, 1, 4096, 10207232
1564274, 3769134, 1, 4096, 5234688
1565067, 10139110, 1, 4096, 2211840
1565114, 4029070, 1, 4096, 1904640
1565846, 6889086, 1, 4096, 221184
1567382, 11179158, 1, 4096, 6557696
1567630, 10009086, 1, 4096, 8171520
1568405, 6759118, 1, 4096, 4419584
1569663, 10529118, 1, 4096, 901120
1569735, 7669110, 1, 4096, 3919872
1571804, 5069102, 1, 4096, 6250496
1571897, 6499086, 1, 4096, 8163328
1572632, 4679182, 1, 4096, 147456
1574539, 9749158, 1, 4096, 6389760
1577421, 8059062, 1, 4096, 6336512
1577533, 4289086, 1, 4096, 8101888
1578354, 7409166, 1, 4096, 1298432
1581227, 10139166, 1, 4096, 8077312
1582258, 5849102, 1, 4096, 10461184
1582851, 8709206, 1, 4096, 1159168
1582869, 10009086, 1, 4096, 2772992
1582958, 5459070, 1, 4096, 3579904
1583890, 8189070, 1, 4096, 4050944
1585121, 3379102, 1, 4096, 1118208
1587264, 9489070, 1, 4096, 630784
1589420, 8319174, 1, 4096, 7819264
1589456, 6629118, 1, 4096, 4571136
1589571, 3509086, 1, 4096, 2682880
1591381, 9619078, 1, 4096, 3756032
1592872, 9749118, 1, 4096, 192512
1592904, 4549190, 1, 4096, 8683520
1594700, 4159070, 1, 4096, 8900608
1594861, 4289150, 1, 4096, 3440640
1594876, 4419158, 1, 4096, 9347072
1594938, 10139094, 1, 4096, 7356416
1595934, 11439094, 1, 4096, 5447680
1598315, 11179126, 1, 4096, 9715712
1599102, 8189102, 1, 4096, 7090176
1600670, 4679086, 1, 4096, 8368128
1601036, 10789134, 1, 4096, 3833856
1601049, 8189094, 1, 4096, 1720320
1601123, 5329190, 1, 4096, 10264576
1601986, 2859070, 1, 4096, 10399744
1603420, 2859078, 1, 4096, 9494528
1603490, 9489086, 1, 4096, 7979008
1605963, 12609150, 1, 4096, 2535424
1608271, 6239086, 1, 4096, 811008
1608380, 11309110, 1, 4096, 4055040
1610218, 9879086, 1, 4096, 5660672
1611718, 3378220, 1, 4096, 8302592
1611758, 8319182, 1, 4096, 520192
1611788, 27297306, 1, 4096, 3104768
1613304, 19497210, 1, 4096, 3985408
1613395, 38476280, 1, 4096, 3510272
1613447, 6499062, 1, 4096, 3350528
1614856, 5459094, 1, 4096, 5197824
1616066, 2729102, 1, 4096, 2740224
1616318, 3769086, 1, 4096, 4472832
1618028, 9099070, 1, 4096, 5001216
1619668, 8319142, 1, 4096, 10121216
1619731, 10659086, 1, 4096, 8675328
1620533, 6369070, 1, 4096, 9031680
1623026, 7799070, 1, 4096, 9474048
1625024, 7799182, 1, 4096, 1658880
1625063, 9489182, 1, 4096, 9428992
1625080, 11049062, 1, 4096, 9560064
1625140, 6369070, 1, 4096, 9916416
1625891, 6369094, 1, 4096, 8200192
1627711, 5069134, 1, 4096, 3309568
1629388, 12219094, 1, 4096, 5578752
1630817, 2339094, 1, 4096, 7225344
1631555, 1819118, 1, 4096, 3682304
1633463, 6239102, 1, 4096, 6606848
1635570, 3639158, 1, 4096, 77824
1636694, 4549102, 1, 4096, 2891776
1637564, 5459062, 1, 4096, 2674688
1639471, 2729070, 1, 4096, 2277376
1641387, 8579142, 1, 4096, 7417856
1642462, 6369070, 1, 4096, 7770112
1642555, 2599134, 1, 4096, 3239936
1643212, 11569062, 1, 4096, 3403776
1644189, 6109110, 1, 4096, 6320128
1644946, 4029094, 1, 4096, 4456448
1646326, 9879110, 1, 4096, 1421312
1648771, 3639182, 1, 4096, 8822784
1648858, 10009166, 1, 4096, 2179072
1652161, 6629094, 1, 4096, 487424
1654711, 6629078, 1, 4096, 1372160
1654739, 5329198, 1, 4096, 9912320
1654827, 7149062, 1, 4096, 10313728
1654852, 4679166, 1, 4096, 3338240
1655628, 10659150, 1, 4096, 9117696
1657385, 4549078, 1, 4096, 9871360
1659342, 3249062, 1, 4096, 10027008
1659650, 10659142, 1, 4096, 4976640
1662459, 6759094, 1, 4096, 2768896
1662505, 7799094, 1, 4096, 4763648
1662551, 8839126, 1, 4096, 8880128
1665094, 7539134, 1, 4096, 4145152
1665997, 2859118, 1, 4096, 667648
1669353, 4029110, 1, 4096, 3969024
1669424, 4679142, 1, 4096, 8855552
1669470, 8189062, 1, 4096, 8810496
1671420, 3899110, 1, 4096, 5910528
1671478, 5329062, 1, 4096, 5677056
1671511, 7799126, 1, 4096, 1994752
1674057, 3509150, 1, 4096, 7327744
1676556, 3769134, 1, 4096, 2867200
1676596, 5199070, 1, 4096, 2113536
1676665, 5589062, 1, 4096, 2416640
1677575, 10919102, 1, 4096, 5124096
1680282, 2859142, 1, 4096, 9900032
1682693, 7409158, 1, 4096, 4120576
1683438, 4809102, 1, 4096, 1282048
1686549, 5199110, 1, 4096, 4136960
1687169, 6889094, 1, 4096, 2461696
1687742, 3639102, 1, 4096, 4706304
1688970, 4029078, 1, 4096, 3878912
1689051, 11569150, 1, 4096, 9719808
1689126, 5979134, 1, 4096, 4886528
1689164, 11309078, 1, 4096, 3997696
1691638, 6759062, 1, 4096, 3858432
1694048, 7799110, 1, 4096, 692224
1694696, 11569206, 1, 4096, 10145792
1694790, 4549070, 1, 4096, 10379264
1697891, 3769190, 1, 4096, 2310144
1700365, 7539094, 1, 4096, 155648
1700455, 6499158, 1, 4096, 6193152
1700498, 4809118, 1, 4096, 10063872
1701607, 12609118, 1, 4096, 6676480
1702901, 2469094, 1, 4096, 8335360
1704518, 10529086, 1, 4096, 6885376
1705422, 7149150, 1, 4096, 1093632
1707104, 7799118, 1, 4096, 5144576
1708053, 7409070, 1, 4096, 4534272
1709668, 7019142, 1, 4096, 9572352
1711010, 10139070, 1, 4096, 10162176
1712270, 10529094, 1, 4096, 8196096
1712366, 3769070, 1, 4096, 7352320
1713046, 9749102, 1, 4096, 9977856
1714125, 11829190, 1, 4096, 1900544
1716469, 6109134, 1, 4096, 6365184
1718357, 8319118, 1, 4096, 9940992
1718418, 9879062, 1, 4096, 9998336
1718459, 6759126, 1, 4096, 5730304
1721109, 8579118, 1, 4096, 9314304
1722015, 9359086, 1, 4096, 7790592
1723896, 8189166, 1, 4096, 1032192
1724011, 7669158, 1, 4096, 7659520
1726796, 2339158, 1, 4096, 1052672
1729320, 5589142, 1, 4096, 6512640
1730258, 5199134, 1, 4096, 1630208
1730351, 17418236, 1, 4096, 5230592
1731110, 24177282, 1, 4096, 3108864
1732600, 15597186, 1, 4096, 3387392
1733441, 7799094, 1, 4096, 1249280
1735627, 9619070, 1, 4096, 1802240
1735973, 7409126, 1, 4096, 5832704
1736914, 10659150, 1, 4096, 262144
1738236, 10269214, 1, 4096, 10149888
1738753, 4419110, 1, 4096, 6766592
1741251, 4939086, 1, 4096, 5480448
1741285, 7929086, 1, 4096, 3870720
1741367, 7409166, 1, 4096, 10477568
1742205, 11699206, 1, 4096, 1363968
1745703, 4549174, 1, 4096, 8310784
1745748, 5069078, 1, 4096, 9609216
1747189, 4679182, 1, 4096, 1597440
1747309, 2079174, 1, 4096, 8908800
1747928, 6629078, 1, 4096, 10309632
1748578, 5069174, 1, 4096, 2834432
1750416, 9359102, 1, 4096, 5443584
1751152, 10659102, 1, 4096, 8130560
1753487, 9879086, 1, 4096, 9732096
1753528, 5979070, 1, 4096, 10059776
1753543, 5589070, 1, 4096, 9334784
1753629, 8709174, 1, 4096, 2093056
1754387, 4289094, 1, 4096, 245760
1756042, 12219070, 1, 4096, 966656
1756844, 5589198, 1, 4096, 9527296
1760688, 7279190, 1, 4096, 1163264
1760729, 9749062, 1, 4096, 1212416
1761389, 7799070, 1, 4096, 1654784
1763298, 7539078, 1, 4096, 2596864
1764712, 6629086, 1, 4096, 4513792
1764754, 6889070, 1, 4096, 4902912
1766648, 9619142, 1, 4096, 10104832
1766780, 12219086, 1, 4096, 8757248
1767480, 1299070, 1, 4096, 7757824
1770639, 8709086, 1, 4096, 9293824
1771871, 3249158, 1, 4096, 3256320
1772741, 6759070, 1, 4096, 3633152
1773680, 9489094, 1, 4096, 5726208
1774941, 4289070, 1, 4096, 5431296
1775704, 5329070, 1, 4096, 5718016
1779254, 2079094, 1, 4096, 3735552
1779357, 8059134, 1, 4096, 8327168
1782167, 5069094, 1, 4096, 6533120
1784258, 5329070, 1, 4096, 6819840
1785638, 4939086, 1, 4096, 5529600
1786462, 6369078, 1, 4096, 4333568
1787984, 12219142, 1, 4096, 9703424
1787998, 4939174, 1, 4096, 2220032
1788634, 6369094, 1, 4096, 507904
1790018, 4679182, 1, 4096, 7983104
1792062, 5069110, 1, 4096, 5152768
1792167, 7409102, 1, 4096, 2473984
1792749, 6239126, 1, 4096, 6430720
1794633, 9099150, 1, 4096, 761856
1794669, 5329166, 1, 4096, 7241728
1795575, 2469126, 1, 4096, 3219456
1796760, 5979142, 1, 4096, 8712192
1797573, 9619070, 1, 4096, 8232960
1797633, 1689062, 1, 4096, 7778304
1798461, 9619070, 1, 4096, 7299072
1800712, 6109086, 1, 4096, 9187328
1801526, 6629078, 1, 4096, 10072064
1803081, 7799142, 1, 4096, 4833280
1804144, 7409078, 1, 4096, 5767168
1804225, 6499086, 1, 4096, 4583424
1805123, 6239062, 1, 4096, 4411392
1806996, 5979158, 1, 4096, 10416128
1808125, 5199110, 1, 4096, 7598080
1810028, 5069086, 1, 4096, 8896512
1810104, 10399174, 1, 4096, 1765376
1810155, 5589134, 1, 4096, 6197248
1810960, 9359134, 1, 4096, 1576960
1813947, 9229182, 1, 4096, 9330688
1813991, 8059158, 1, 4096, 3596288
1815972, 8059086, 1, 4096, 5091328
1816014, 6629126, 1, 4096, 9072640
1816093, 7539062, 1, 4096, 8982528
1816137, 9229134, 1, 4096, 4349952
1817380, 12479134, 1, 4096, 9216000
1817417, 4029150, 1, 4096, 3231744
1819265, 5069110, 1, 4096, 401408
1821200, 2989214, 1, 4096, 9834496
1821238, 2079118, 1, 4096, 6303744
1821282, 5329158, 1, 4096, 393216
1821329, 6369142, 1, 4096, 5394432
1822728, 12349102, 1, 4096, 8187904
1823745, 5849142, 1, 4096, 2830336
1827193, 9099134, 1, 4096, 7483392
1827228, 9489166, 1, 4096, 802816
1827284, 4679150, 1, 4096, 6209536
1827322, 7539110, 1, 4096, 9736192
1829157, 2989110, 1, 4096, 6258688
1830828, 9229118, 1, 4096, 9891840
1830868, 3249174, 1, 4096, 2822144
1832032, 19238188, 1, 4096, 4923392
1832705, 8189094, 1, 4096, 6938624
1832785, 32757210, 1, 4096, 6549504
1832823, 17157354, 1, 4096, 2727936
1832850, 41076696, 1, 4096, 10035200
1834022, 12219126, 1, 4096, 6115328
1834086, 2209078, 1, 4096, 4657152
1835036, 1559102, 1, 4096, 2121728
1836734, 4159062, 1, 4096, 2338816
1837888, 10529174, 1, 4096, 9658368
1838539, 10529174, 1, 4096, 2531328
1838617, 1819102, 1, 4096, 4665344
1839294, 7799134, 1, 4096, 462848
1839993, 4549206, 1, 4096, 9469952
1841736, 9099070, 1, 4096, 8966144
1843345, 7409198, 1, 4096, 94208
1845215, 5979198, 1, 4096, 9195520
1845289, 2729142, 1, 4096, 3641344
1845330, 1819102, 1, 4096, 6283264
1846764, 4159118, 1, 4096, 2887680
1847959, 7279094, 1, 4096, 716800
1848009, 6239150, 1, 4096, 6221824
1849914, 9229150, 1, 4096, 561152
1851555, 3249190, 1, 4096, 8974336
1851591, 4939070, 1, 4096, 9748480
1851658, 7409094, 1, 4096, 7585792
1852465, 10399094, 1, 4096, 9744384
1853569, 4679102, 1, 4096, 6893568
1855549, 10919094, 1, 4096, 9076736
1856101, 5459126, 1, 4096, 4730880
1856864, 7149062, 1, 4096, 5132288
1856913, 4939094, 1, 4096, 2809856
1856981, 10789158, 1, 4096, 9121792
1858488, 6109190, 1, 4096, 679936
1858541, 6109174, 1, 4096, 8241152
1859071, 5329078, 1, 4096, 9043968
1859995, 8189102, 1, 4096, 6418432
1860871, 6369102, 1, 4096, 3674112
1860910, 7279094, 1, 4096, 2019328
1862800, 3379118, 1, 4096, 5279744
1862902, 9489110, 1, 4096, 8409088
1863694, 5069182, 1, 4096, 933888
1864577, 7539078, 1, 4096, 1880064
1866038, 11699110, 1, 4096, 5148672
1867202, 3509118, 1, 4096, 8413184
1868454, 5589062, 1, 4096, 8720384
1868497, 3769150, 1, 4096, 2715648
1868565, 5589174, 1, 4096, 10240000
1869204, 6889086, 1, 4096, 8560640
1870428, 10399078, 1, 4096, 7622656
1872250, 3899070, 1, 4096, 6787072
1873687, 7539150, 1, 4096, 1531904
1875265, 3249206, 1, 4096, 10465280
1875507, 9229150, 1, 4096, 4800512
1876954, 9099134, 1, 4096, 167936
1879005, 7409190, 1, 4096, 8323072
1880432, 8969102, 1, 4096, 5746688
1880500, 4029126, 1, 4096, 10080256
1880536, 7409142, 1, 4096, 4820992
1881206, 6889110, 1, 4096, 7786496
1883431, 9099102, 1, 4096, 5210112
1884943, 2469078, 1, 4096, 4288512
1884980, 7409118, 1, 4096, 7802880
1885756, 4289062, 1, 4096, 8024064
1885834, 7149134, 1, 4096, 3260416
1888190, 10919110, 1, 4096, 6479872
1888906, 6369062, 1, 4096, 6316032
1889422, 3509110, 1, 4096, 3391488
1889933, 5719070, 1, 4096, 3702784
1890855, 4679070, 1, 4096, 4464640
1890967, 6759126, 1, 4096, 196608
1892737, 5459102, 1, 4096, 3072000
1894635, 3119062, 1, 4096, 2703360
1895769, 4419070, 1, 4096, 3448832
1896333, 10009078, 1, 4096, 4546560
1896485, 7279062, 1, 4096, 4440064
1898371, 11699078, 1, 4096, 3584000
1900182, 5589142, 1, 4096, 8531968
1901725, 8189078, 1, 4096, 7450624
1902819, 7019158, 1, 4096, 1134592
1904630, 9619118, 1, 4096, 4784128
1904676, 4679078, 1, 4096, 6066176
1905578, 2859110, 1, 4096, 8773632
1906461, 3249078, 1, 4096, 7901184
1907157, 5329182, 1, 4096, 442368
1907738, 5979206, 1, 4096, 9543680
1907779, 11179150, 1, 4096, 4009984
1910256, 4679118, 1, 4096, 7348224
1911702, 6109086, 1, 4096, 6139904
1912560, 6759070, 1, 4096, 6516736
1912626, 6499118, 1, 4096, 9973760
1912664, 10009078, 1, 4096, 9007104
1913645, 5069158, 1, 4096, 3080192
1914660, 8579086, 1, 4096, 4603904
1916456, 9229086, 1, 4096, 6168576
1917214, 4159142, 1, 4096, 708608
1917841, 6629206, 1, 4096, 9846784
1917914, 7019118, 1, 4096, 6631424
1918595, 4419070, 1, 4096, 5824512
1920492, 10009070, 1, 4096, 5373952
1922577, 5979070, 1, 4096, 5705728
1922620, 9229078, 1, 4096, 4685824
1923102, 8839062, 1, 4096, 4677632
1923121, 11178124, 1, 4096, 4980736
1924538, 12087282, 1, 4096, 6737920
1925378, 9357258, 1, 4096, 8429568
1926363, 10009190, 1, 4096, 237568
1926911, 10529182, 1, 4096, 8081408
1928328, 9879126, 1, 4096, 4005888
1928438, 10399118, 1, 4096, 483328
1930902, 8059110, 1, 4096, 3526656
1930964, 2989070, 1, 4096, 2629632
1932982, 8189094, 1, 4096, 4648960
1933620, 1819134, 1, 4096, 69632
1935451, 6889158, 1, 4096, 6643712
1937896, 8059134, 1, 4096, 1945600
1938908, 8059086, 1, 4096, 335872
1939006, 6499182, 1, 4096, 7921664
1941966, 5589142, 1, 4096, 3063808
1943052, 6629150, 1, 4096, 8597504
1944321, 6499062, 1, 4096, 8437760
1945095, 8449086, 1, 4096, 6860800
1945892, 3639102, 1, 4096, 4460544
1946606, 5329062, 1, 4096, 4231168
1948604, 8839094, 1, 4096, 6287360
1949449, 10399094, 1, 4096, 4308992
1949576, 5979070, 1, 4096, 5156864
1950573, 7799078, 1, 4096, 4046848
1951321, 2729078, 1, 4096, 2625536
1952309, 6759070, 1, 4096, 2482176
1954029, 9879134, 1, 4096, 7184384
1954085, 6889150, 1, 4096, 1376256
1954766, 6369078, 1, 4096, 180224
1954840, 5069166, 1, 4096, 7163904
1957308, 8969166, 1, 4096, 454656
1958433, 6759118, 1, 4096, 3923968
1959180, 8319150, 1, 4096, 9564160
1960032, 8579142, 1, 4096, 4374528
1961725, 8969094, 1, 4096, 6438912
1962373, 5459158, 1, 4096, 28672
1962531, 5589062, 1, 4096, 327680
1963670, 5849102, 1, 4096, 2711552
1965327, 6369070, 1, 4096, 2551808
1965404, 5849150, 1, 4096, 8028160
1968403, 10009102, 1, 4096, 5517312
1968440, 11179070, 1, 4096, 5140480
1970321, 6369102, 1, 4096, 2392064
1971012, 5459190, 1, 4096, 10428416
1972455, 5979174, 1, 4096, 3530752
1974734, 4809158, 1, 4096, 9465856
1974868, 7799070, 1, 4096, 9904128
1975809, 6759094, 1, 4096, 8216576
1976381, 8449134, 1, 4096, 3543040
1977742, 6629126, 1, 4096, 7520256
1979335, 9619142, 1, 4096, 2400256
1980363, 11049174, 1, 4096, 9760768
1981575, 6109078, 1, 4096, 8544256
1981630, 8969086, 1, 4096, 10096640
1982509, 10659110, 1, 4096, 7102464
1984328, 5459078, 1, 4096, 7913472
1985664, 4159102, 1, 4096, 5545984
1986899, 9359102, 1, 4096, 2994176
1988431, 4419094, 1, 4096, 4771840
1989207, 9229118, 1, 4096, 8400896
1989266, 4289174, 1, 4096, 1392640
1990145, 8579134, 1, 4096, 6012928
1990833, 9749102, 1, 4096, 3485696
1992384, 10139094, 1, 4096, 1495040
1992458, 6889182, 1, 4096, 9101312
1994665, 6499086, 1, 4096, 7401472
1995525, 10269174, 1, 4096, 253952
1997193, 12739150, 1, 4096, 6172672
1997946, 2989062, 1, 4096, 5795840
2000359, 5979118, 1, 4096, 2510848
2003065, 3379166, 1, 4096, 8863744
2003159, 2729118, 1, 4096, 5378048
2005147, 11049110, 1, 4096, 8601600
2007215, 9359110, 1, 4096, 5533696
2007582, 7799126, 1, 4096, 1327104
2008224, 8059158, 1, 4096, 7467008
2009666, 12609078, 1, 4096, 8724480
2012440, 7669142, 1, 4096, 3481600
2013664, 2859102, 1, 4096, 516096
2014801, 3249062, 1, 4096, 671744
2016909, 4419158, 1, 4096, 7098368
2017849, 4679126, 1, 4096, 2699264
2018946, 8059094, 1, 4096, 4702208
2019018, 6629078, 1, 4096, 6107136
2020522, 4159070, 1, 4096, 5283840
2021889, 4939134, 1, 4096, 905216
2022041, 9619102, 1, 4096, 3522560
2024036, 3509102, 1, 4096, 5763072
2024184, 7149094, 1, 4096, 4096000
2025107, 4159070, 1, 4096, 4313088
2025755, 11049134, 1, 4096, 9084928
2027158, 4029094, 1, 4096, 6709248
2028020, 6499118, 1, 4096, 3457024
2028780, 11179126, 1, 4096, 7725056
2028952, 5329062, 1, 4096, 7495680
2029538, 7929158, 1, 4096, 1241088
2032200, 24958204, 1, 4096, 4042752
2033873, 7799078, 1, 4096, 2936832
2034742, 33147258, 1, 4096, 1515520
2036618, 27687546, 1, 4096, 9277440
2036761, 14036280, 1, 4096, 9445376
2039208, 6369174, 1, 4096, 2572288
2039915, 6759150, 1, 4096, 8110080
2039968, 5459166, 1, 4096, 1179648
2042037, 5719118, 1, 4096, 5103616
2043046, 7669110, 1, 4096, 1929216
2043925, 5849078, 1, 4096, 696320
2044652, 9099134, 1, 4096, 5353472
2045448, 5979142, 1, 4096, 0
2045507, 2469142, 1, 4096, 5271552
2047048, 8189070, 1, 4096, 5738496
2049615, 2989078, 1, 4096, 4841472
2050678, 11439094, 1, 4096, 7065600
2051869, 8449110, 1, 4096, 10125312
2053779, 11959094, 1, 4096, 8249344
2054927, 3119158, 1, 4096, 1691648
2054972, 9099086, 1, 4096, 3248128
2055993, 9099094, 1, 4096, 5320704
2057005, 3899118, 1, 4096, 9125888
2058505, 9099198, 1, 4096, 360448
2060124, 6759062, 1, 4096, 225280
2060980, 11959094, 1, 4096, 2478080
2061090, 4159102, 1, 4096, 4751360
2063066, 5199086, 1, 4096, 6578176
2065002, 9489102, 1, 4096, 4034560
2066296, 10139102, 1, 4096, 6684672
2067294, 8319070, 1, 4096, 6131712
2069572, 5979102, 1, 4096, 3358720
2071269, 5329062, 1, 4096, 3133440
2071352, 1819086, 1, 4096, 4747264
2072408, 5199078, 1, 4096, 6053888
2072448, 7669070, 1, 4096, 5455872
2074093, 10399078, 1, 4096, 6582272
2076259, 9619126, 1, 4096, 2490368
2076591, 8319118, 1, 4096, 6062080
2076671, 6629150, 1, 4096, 241664
2079717, 9359078, 1, 4096, 1294336
2079850, 8319070, 1, 4096, 1769472
2080527, 6629086, 1, 4096, 73728
2081064, 8449118, 1, 4096, 3653632
2081942, 5849110, 1, 4096, 880640
2083823, 5459134, 1, 4096, 5300224
2084937, 10919070, 1, 4096, 5943296
2085718, 8579070, 1, 4096, 6434816
2086031, 9359078, 1, 4096, 7491584
2087223, 5069174, 1, 4096, 16384
2089027, 5589102, 1, 4096, 2904064
2091217, 8839110, 1, 4096, 5992448
2092522, 9229118, 1, 4096, 9621504
2092569, 7799142, 1, 4096, 4382720
2094307, 12999062, 1, 4096, 4636672
2096291, 7929118, 1, 4096, 962560
2097201, 9489198, 1, 4096, 9764864
2097929, 1819182, 1, 4096, 1572864
2099621, 8189078, 1, 4096, 1007616
2100437, 5329190, 1, 4096, 9035776
2101830, 8579086, 1, 4096, 7462912
2102877, 6889134, 1, 4096, 2691072
2102923, 9099078, 1, 4096, 1662976
2102995, 10659134, 1, 4096, 6414336
2105415, 5849126, 1, 4096, 2088960
2106238, 2599078, 1, 4096, 1171456
2107135, 11309070, 1, 4096, 1839104
2107491, 7019134, 1, 4096, 6361088
2108303, 9879078, 1, 4096, 5386240
2109351, 9619070, 1, 4096, 4907008
2110032, 12609134, 1, 4096, 491520
2110070, 4939150, 1, 4096, 5918720
2112765, 10659094, 1, 4096, 8089600
2113789, 7279086, 1, 4096, 9531392
2115143, 12609126, 1, 4096, 5627904
2116390, 1689070, 1, 4096, 4653056
2117758, 4809134, 1, 4096, 9551872
2118816, 7669070, 1, 4096, 9990144
2118915, 7799158, 1, 4096, 3723264
2121279, 10529078, 1, 4096, 2789376
2122419, 9619110, 1, 4096, 5926912
2123856, 8839078, 1, 4096, 6950912
2124171, 10009142, 1, 4096, 1855488
2124237, 11829070, 1, 4096, 2547712
2125680, 1689086, 1, 4096, 540672
2126653, 7929182, 1, 4096, 8736768
2126684, 2079070, 1, 4096, 8814592
2128509, 7409134, 1, 4096, 4591616
2129315, 9749102, 1, 4096, 2056192
2129402, 7929150, 1, 4096, 7671808
2130676, 3769174, 1, 4096, 114688
2130718, 8319078, 1, 4096, 1105920
2132960, 9099134, 1, 4096, 5758976
2134482, 8579102, 1, 4096, 8318976
2134560, 4809070, 1, 4096, 8056832
2135759, 4809086, 1, 4096, 6242304
2136760, 9879078, 1, 4096, 7331840
2137857, 7279110, 1, 4096, 10321920
2139223, 4419094, 1, 4096, 8491008
2139840, 6239110, 1, 4096, 5218304
2140806, 4679078, 1, 4096, 4431872
2142592, 10009062, 1, 4096, 4497408
2142639, 10139070, 1, 4096, 5087232
2144579, 19498268, 1, 4096, 9785344
2145304, 6237426, 1, 4096, 4190208
2145386, 9357450, 1, 4096, 10010624
2146550, 5459086, 1, 4096, 8761344
2147653, 2339086, 1, 4096, 6795264
2149827, 7669142, 1, 4096, 1548288
2150677, 5849166, 1, 4096, 8577024
2151468, 4159174, 1, 4096, 1048576
2152464, 7929086, 1, 4096, 3051520
2152687, 7279134, 1, 4096, 7589888
2155395, 6239126, 1, 4096, 3284992
2156181, 4939078, 1, 4096, 2519040
2156220, 8709102, 1, 4096, 5083136
2156387, 3249126, 1, 4096, 8847360
2158232, 7799126, 1, 4096, 4644864
2159197, 5589070, 1, 4096, 5468160
2160375, 5719094, 1, 4096, 7323648
2161300, 9359142, 1, 4096, 2191360
2162241, 9749086, 1, 4096, 688128
2163296, 5719174, 1, 4096, 8228864
2165337, 5589182, 1, 4096, 274432
2166678, 11959158, 1, 4096, 6651904
2166751, 8579126, 1, 4096, 2498560
2168802, 5459150, 1, 4096, 7958528
2168857, 8579182, 1, 4096, 188416
2170451, 4809078, 1, 4096, 1474560
2171279, 9879062, 1, 4096, 1536000
2171958, 6889078, 1, 4096, 2433024
2173342, 7409150, 1, 4096, 8011776
2175126, 8709062, 1, 4096, 7995392
2176091, 12479086, 1, 4096, 6672384
2177209, 7799086, 1, 4096, 8142848
2177287, 5589158, 1, 4096, 1740800
2178827, 7669182, 1, 4096, 9396224
2180961, 10269086, 1, 4096, 7933952
2180972, 11829166, 1, 4096, 1404928
2182576, 6499118, 1, 4096, 4857856
2184051, 6109094, 1, 4096, 2617344
2185300, 8319110, 1, 4096, 6189056
2186558, 2599102, 1, 4096, 3207168
2187266, 5719086, 1, 4096, 1966080
2187888, 6759086, 1, 4096, 278528
2189008, 7019174, 1, 4096, 7385088
2190530, 11439070, 1, 4096, 7024640
2192257, 11179086, 1, 4096, 5611520
2193143, 1819110, 1, 4096, 2064384
2195917, 3769118, 1, 4096, 5865472
2196639, 11049110, 1, 4096, 2899968
2197832, 8969110, 1, 4096, 6000640
2198459, 6109078, 1, 4096, 4788224
2198519, 6499102, 1, 4096, 2564096
2199398, 3249094, 1, 4096, 4272128
2200333, 4809118, 1, 4096, 8138752
2201079, 9099086, 1, 4096, 9691136
2201825, 3509078, 1, 4096, 8314880
2201876, 3249182, 1, 4096, 729088
2203334, 6499198, 1, 4096, 9351168
2203988, 7409110, 1, 4096, 6668288
2205344, 2599094, 1, 4096, 8331264
2206878, 8449070, 1, 4096, 8818688
2207886, 5459182, 1, 4096, 1368064
2208669, 8709062, 1, 4096, 1351680
2209263, 11179158, 1, 4096, 7688192
2209349, 9749150, 1, 4096, 2060288
2210786, 5459070, 1, 4096, 1318912
2211919, 5459094, 1, 4096, 3166208
2213813, 8449070, 1, 4096, 3649536
2214684, 9879166, 1, 4096, 10412032
2216122, 9749166, 1, 4096, 3751936
2216161, 10789086, 1, 4096, 5419008
2217481, 12349134, 1, 4096, 10272768
2218689, 7409110, 1, 4096, 7077888
2219261, 3379102, 1, 4096, 4149248
2221153, 9229110, 1, 4096, 7258112
2221210, 6369134, 1, 4096, 2965504
2223826, 7669174, 1, 4096, 10108928
2225040, 10139062, 1, 4096, 10182656
2225144, 8449118, 1, 4096, 6537216
2226432, 4549150, 1, 4096, 585728
2228040, 9359102, 1, 4096, 3190784
2229276, 10529070, 1, 4096, 3801088
2230431, 10789142, 1, 4096, 9080832
2230488, 8839158, 1, 4096, 2879488
2231275, 4289102, 1, 4096, 4096
2232306, 6759142, 1, 4096, 5537792
2233259, 6369078, 1, 4096, 6406144
2234587, 10529094, 1, 4096, 8572928
2234618, 7409174, 1, 4096, 1245184
2235471, 11439174, 1, 4096, 8626176
2235550, 7799086, 1, 4096, 10100736
2237675, 11569174, 1, 4096, 3043328
2238729, 9099110, 1, 4096, 6148096
2239933, 7409102, 1, 4096, 3469312
2240800, 3119134, 1, 4096, 7745536
2242040, 2209078, 1, 4096, 6803456
2242838, 9359078, 1, 4096, 7860224
2243664, 4809070, 1, 4096, 8630272
2244701, 19498156, 1, 4096, 7643136
2244729, 9229086, 1, 4096, 9207808
2245798, 7017498, 1, 4096, 2080768
2247563, 21057282, 1, 4096, 413696
2248602, 27036600, 1, 4096, 5947392
2250458, 5329126, 1, 4096, 9850880
2251127, 8449086, 1, 4096, 8265728
2252477, 6109110, 1, 4096, 5509120
2254018, 6369102, 1, 4096, 2760704
2255063, 10529086, 1, 4096, 1310720
2257539, 7929086, 1, 4096, 2797568
2258624, 12349070, 1, 4096, 2494464
2259224, 5459070, 1, 4096, 2785280
2261536, 11569078, 1, 4096, 1921024
2261760, 5329070, 1, 4096, 1175552
2264079, 9879118, 1, 4096, 4845568
2265977, 8449062, 1, 4096, 4808704
2266011, 6629094, 1, 4096, 6725632
2267005, 1689142, 1, 4096, 1626112
2269802, 9359166, 1, 4096, 8355840
2270615, 5849078, 1, 4096, 9707520
2271419, 8969206, 1, 4096, 417792
2272813, 9489070, 1, 4096, 970752
2273606, 8839086, 1, 4096, 2506752
2274754, 7669166, 1, 4096, 9134080
2277017, 8969190, 1, 4096, 876544
2277547, 11049102, 1, 4096, 3592192
2277608, 3899094, 1, 4096, 5332992
2278530, 9749094, 1, 4096, 3321856
2279379, 10399094, 1, 4096, 1347584
2279980, 10789142, 1, 4096, 6619136
2281196, 5849086, 1, 4096, 4878336
2282262, 11309078, 1, 4096, 3989504
2283061, 4549070, 1, 4096, 3198976
2284208, 3639166, 1, 4096, 10088448
2284256, 5329166, 1, 4096, 3145728
2285673, 5979126, 1, 4096, 7602176
2286879, 7929126, 1, 4096, 3411968
2287567, 11959094, 1, 4096, 5664768
2287608, 3249094, 1, 4096, 7368704
2288431, 5069094, 1, 4096, 9699328
2289442, 3769086, 1, 4096, 7823360
2289521, 4809142, 1, 4096, 2920448
2290862, 4939102, 1, 4096, 5246976
2292692, 7019102, 1, 4096, 3059712
2293855, 7799086, 1, 4096, 4530176
2294018, 9489078, 1, 4096, 3534848
2295260, 9489110, 1, 4096, 466944
2297206, 4419094, 1, 4096, 2244608
2299133, 6759126, 1, 4096, 6234112
2300222, 6239086, 1, 4096, 8126464
2302216, 5849174, 1, 4096, 704512
2303452, 6369118, 1, 4096, 4153344
2304289, 2469078, 1, 4096, 5292032
2304387, 5069094, 1, 4096, 7630848
2305891, 8839062, 1, 4096, 7618560
2306277, 10789086, 1, 4096, 9285632
2306301, 3249158, 1, 4096, 2732032
2309343, 7409078, 1, 4096, 3661824
2310926, 8059062, 1, 4096, 4124672
2312516, 7279102, 1, 4096, 6594560
2314671, 6239134, 1, 4096, 1781760
2314747, 6629190, 1, 4096, 9887744
2315701, 7279174, 1, 4096, 3076096
2316235, 5069070, 1, 4096, 3346432
2317000, 8059158, 1, 4096, 9478144
2319246, 6369110, 1, 4096, 6217728
2320130, 2469150, 1, 4096, 647168
2320199, 3769070, 1, 4096, 1355776
2320240, 10139062, 1, 4096, 1425408
2322718, 9489198, 1, 4096, 10235904
2324020, 8189198, 1, 4096, 1409024
2324599, 4289118, 1, 4096, 4726784
2325350, 6109134, 1, 4096, 9711616
2325380, 10269062, 1, 4096, 9789440
2326987, 2729078, 1, 4096, 8364032
2327779, 7409086, 1, 4096, 9814016
2328969, 7149134, 1, 4096, 5574656
2330722, 6629102, 1, 4096, 2842624
2330781, 6759126, 1, 4096, 6832128
2330836, 3769102, 1, 4096, 9605120
2332623, 5069070, 1, 4096, 8843264
2333255, 3249166, 1, 4096, 2285568
2333292, 5459134, 1, 4096, 6713344
2333306, 1299102, 1, 4096, 9326592
2334894, 8189182, 1, 4096, 2048000
2335678, 2339182, 1, 4096, 9371648
2335996, 4289086, 1, 4096, 8048640
2336273, 9879070, 1, 4096, 8622080
2338354, 7929166, 1, 4096, 1847296
2339914, 7799078, 1, 4096, 2805760
2341015, 12349086, 1, 4096, 1470464
2341724, 5329142, 1, 4096, 6397952
2342508, 8969086, 1, 4096, 4853760
2343301, 9359094, 1, 4096, 2813952
2344474, 6369142, 1, 4096, 7806976
2345608, 5329078, 1, 4096, 7061504
2346348, 7279070, 1, 4096, 7471104
2346485, 10789102, 1, 4096, 5005312
2349634, 10919070, 1, 4096, 5648384
2350497, 5979110, 1, 4096, 2363392
2351543, 9879126, 1, 4096, 6545408
2351632, 8059102, 1, 4096, 3907584
2352617, 16378188, 1, 4096, 1798144
2353972, 24177210, 1, 4096, 2252800
2356371, 33927546, 1, 4096, 10141696
2357206, 11439134, 1, 4096, 5652480
2358788, 5329070, 1, 4096, 4911104
2359974, 11829070, 1, 4096, 5603328
2360013, 5459118, 1, 4096, 8994816
2361166, 9619166, 1, 4096, 2330624
2362284, 11439134, 1, 4096, 7127040
2362352, 6499086, 1, 4096, 8519680
2363287, 5459078, 1, 4096, 7266304
2364007, 9229142, 1, 4096, 2125824
2365586, 3769102, 1, 4096, 4894720
2367357, 9489126, 1, 4096, 798720
2367636, 11959126, 1, 4096, 5111808
2368471, 1949134, 1, 4096, 24576
2369975, 9749102, 1, 4096, 2654208
2371253, 4029134, 1, 4096, 7507968
2372027, 5719086, 1, 4096, 5754880
2372888, 7539062, 1, 4096, 6180864
2374306, 2339126, 1, 4096, 1634304
2377258, 4029134, 1, 4096, 6483968
2378886, 5199070, 1, 4096, 6758400
2380274, 2339094, 1, 4096, 4792320
2381050, 6239110, 1, 4096, 2039808
2382391, 8579158, 1, 4096, 8208384
2383447, 7799166, 1, 4096, 1429504
2383524, 10789174, 1, 4096, 8765440
2384587, 5459134, 1, 4096, 3903488
2386460, 9359118, 1, 4096, 311296
2388750, 4939198, 1, 4096, 8835072
2389851, 8059086, 1, 4096, 10326016
2391088, 9099182, 1, 4096, 2592768
2392019, 7539126, 1, 4096, 7147520
2393974, 5849062, 1, 4096, 6946816
2394028, 5719150, 1, 4096, 1064960
2394823, 7149078, 1, 4096, 438272
2395658, 5459118, 1, 4096, 3829760
2397159, 5849078, 1, 4096, 2600960
2397834, 9489174, 1, 4096, 9854976
2399258, 6759150, 1, 4096, 4554752
2399330, 4029078, 1, 4096, 3211264
2400446, 3379062, 1, 4096, 3375104
2401090, 4809102, 1, 4096, 5693440
2401814, 7799126, 1, 4096, 10268672
2403006, 3769198, 1, 4096, 1167360
2403044, 4419078, 1, 4096, 364544
2404264, 7669102, 1, 4096, 2859008
2404690, 7669126, 1, 4096, 6909952
2405534, 8189166, 1, 4096, 151552
2407046, 11179150, 1, 4096, 5963776
2408965, 4549118, 1, 4096, 2076672
2410016, 2599158, 1, 4096, 8380416
2410853, 8059190, 1, 4096, 65536
2412427, 2989086, 1, 4096, 1753088
2413031, 8059078, 1, 4096, 663552
2413186, 4289094, 1, 4096, 2953216
2414707, 10529102, 1, 4096, 471040
2415365, 1949174, 1, 4096, 7254016
2415435, 8449094, 1, 4096, 5668864
2416681, 3379126, 1, 4096, 1187840
2417484, 9619158, 1, 4096, 7421952
2419163, 5199150, 1, 4096, 2027520
