8, 1039062, 1, 4096, 0
17, 8969062, 1, 4096, 4096
25, 9099062, 1, 4096, 8192
33, 8969062, 1, 4096, 12288
42, 9099062, 1, 4096, 16384
50, 8969062, 1, 4096, 20480
58, 9099062, 1, 4096, 24576
67, 8969062, 1, 4096, 28672
75, 9099062, 1, 4096, 32768
83, 8969062, 1, 4096, 36864
92, 9099062, 1, 4096, 40960
100, 8969062, 1, 4096, 45056
108, 9099062, 1, 4096, 49152
117, 8969062, 1, 4096, 53248
125, 9099062, 1, 4096, 57344
134, 8969062, 1, 4096, 61440
142, 9099062, 1, 4096, 65536
150, 8969062, 1, 4096, 69632
158, 9099062, 1, 4096, 73728
167, 8969062, 1, 4096, 77824
175, 9099062, 1, 4096, 81920
183, 8969062, 1, 4096, 86016
192, 9099062, 1, 4096, 90112
200, 8969062, 1, 4096, 94208
209, 9099062, 1, 4096, 98304
217, 8969062, 1, 4096, 102400
225, 9099062, 1, 4096, 106496
234, 8969062, 1, 4096, 110592
242, 9099062, 1, 4096, 114688
251, 8969062, 1, 4096, 118784
259, 9099062, 1, 4096, 122880
267, 8969062, 1, 4096, 126976
275, 9099062, 1, 4096, 131072
284, 8969062, 1, 4096, 135168
292, 9099062, 1, 4096, 139264
301, 8969062, 1, 4096, 143360
309, 9099062, 1, 4096, 147456
317, 8969062, 1, 4096, 151552
325, 9099062, 1, 4096, 155648
334, 8969062, 1, 4096, 159744
343, 9099062, 1, 4096, 163840
351, 8969062, 1, 4096, 167936
359, 9099062, 1, 4096, 172032
367, 8969062, 1, 4096, 176128
376, 9099062, 1, 4096, 180224
384, 8969062, 1, 4096, 184320
393, 9099062, 1, 4096, 188416
401, 8969062, 1, 4096, 192512
409, 9099062, 1, 4096, 196608
417, 8969062, 1, 4096, 200704
426, 9099062, 1, 4096, 204800
434, 8969062, 1, 4096, 208896
443, 9099062, 1, 4096, 212992
451, 8969062, 1, 4096, 217088
459, 9099062, 1, 4096, 221184
468, 8969062, 1, 4096, 225280
476, 9099062, 1, 4096, 229376
485, 8969062, 1, 4096, 233472
493, 9099062, 1, 4096, 237568
501, 8969062, 1, 4096, 241664
509, 9099062, 1, 4096, 245760
518, 8969062, 1, 4096, 249856
527, 9099062, 1, 4096, 253952
535, 8969062, 1, 4096, 258048
543, 9099062, 1, 4096, 262144
551, 8969062, 1, 4096, 266240
560, 9099062, 1, 4096, 270336
568, 8969062, 1, 4096, 274432
576, 9099062, 1, 4096, 278528
585, 8969062, 1, 4096, 282624
593, 9099062, 1, 4096, 286720
601, 8969062, 1, 4096, 290816
610, 9099062, 1, 4096, 294912
618, 8969062, 1, 4096, 299008
627, 9099062, 1, 4096, 303104
635, 8969062, 1, 4096, 307200
643, 9099062, 1, 4096, 311296
651, 8969062, 1, 4096, 315392
660, 9099062, 1, 4096, 319488
668, 8969062, 1, 4096, 323584
676, 9099062, 1, 4096, 327680
685, 8969062, 1, 4096, 331776
693, 9099062, 1, 4096, 335872
701, 8969062, 1, 4096, 339968
710, 9099062, 1, 4096, 344064
719, 8969062, 1, 4096, 348160
727, 9099062, 1, 4096, 352256
735, 8969062, 1, 4096, 356352
743, 9099062, 1, 4096, 360448
752, 8969062, 1, 4096, 364544
760, 9099062, 1, 4096, 368640
769, 8969062, 1, 4096, 372736
778, 9099062, 1, 4096, 376832
786, 8969062, 1, 4096, 380928
793, 9099062, 1, 4096, 385024
802, 8969062, 1, 4096, 389120
810, 9099062, 1, 4096, 393216
818, 17938124, 1, 4096, 397312
827, 27297186, 1, 4096, 401408
835, 26907186, 1, 4096, 405504
843, 9099062, 1, 4096, 409600
852, 8969062, 1, 4096, 413696
860, 9099062, 1, 4096, 417792
869, 8969062, 1, 4096, 421888
877, 9099062, 1, 4096, 425984
885, 8969062, 1, 4096, 430080
894, 9099062, 1, 4096, 434176
902, 8969062, 1, 4096, 438272
910, 9099062, 1, 4096, 442368
919, 8969062, 1, 4096, 446464
927, 9099062, 1, 4096, 450560
935, 8969062, 1, 4096, 454656
944, 9099062, 1, 4096, 458752
952, 8969062, 1, 4096, 462848
961, 9099062, 1, 4096, 466944
969, 8969062, 1, 4096, 471040
977, 9099062, 1, 4096, 475136
985, 8969062, 1, 4096, 479232
994, 9099062, 1, 4096, 483328
1002, 8969062, 1, 4096, 487424
1011, 9099062, 1, 4096, 491520
1019, 8969062, 1, 4096, 495616
1027, 9099062, 1, 4096, 499712
1036, 8969062, 1, 4096, 503808
1044, 9099062, 1, 4096, 507904
1052, 8969062, 1, 4096, 512000
1061, 9099070, 1, 4096, 516096
1069, 8969062, 1, 4096, 520192
1078, 9099062, 1, 4096, 524288
1086, 8969062, 1, 4096, 528384
1094, 9099062, 1, 4096, 532480
1102, 8969062, 1, 4096, 536576
1111, 9099062, 1, 4096, 540672
1119, 8969062, 1, 4096, 544768
1128, 9099062, 1, 4096, 548864
1136, 8969062, 1, 4096, 552960
1144, 9099062, 1, 4096, 557056
1153, 8969062, 1, 4096, 561152
1161, 9099062, 1, 4096, 565248
1169, 8969062, 1, 4096, 569344
1178, 9099062, 1, 4096, 573440
1186, 8969062, 1, 4096, 577536
1195, 9099062, 1, 4096, 581632
1203, 8969062, 1, 4096, 585728
1211, 9099062, 1, 4096, 589824
1219, 8969062, 1, 4096, 593920
1228, 9099062, 1, 4096, 598016
1236, 8969062, 1, 4096, 602112
1244, 9099062, 1, 4096, 606208
1253, 8969062, 1, 4096, 610304
1262, 9099062, 1, 4096, 614400
1270, 8969062, 1, 4096, 618496
1278, 9099062, 1, 4096, 622592
1287, 8969062, 1, 4096, 626688
1295, 9099062, 1, 4096, 630784
1303, 8969062, 1, 4096, 634880
1311, 9099062, 1, 4096, 638976
1320, 8969062, 1, 4096, 643072
1328, 9099062, 1, 4096, 647168
1337, 8969062, 1, 4096, 651264
1345, 9099062, 1, 4096, 655360
1353, 8969062, 1, 4096, 659456
1361, 9099062, 1, 4096, 663552
1370, 8969062, 1, 4096, 667648
1378, 9099062, 1, 4096, 671744
1387, 8969062, 1, 4096, 675840
1395, 9099062, 1, 4096, 679936
1403, 8969062, 1, 4096, 684032
1412, 9099062, 1, 4096, 688128
1420, 8969062, 1, 4096, 692224
1428, 9099062, 1, 4096, 696320
1437, 8969062, 1, 4096, 700416
1445, 9099062, 1, 4096, 704512
1453, 8969062, 1, 4096, 708608
1462, 9099062, 1, 4096, 712704
1470, 8969062, 1, 4096, 716800
1478, 9099062, 1, 4096, 720896
1487, 8969062, 1, 4096, 724992
1495, 9099062, 1, 4096, 729088
1504, 8969062, 1, 4096, 733184
1512, 9099062, 1, 4096, 737280
1521, 8969062, 1, 4096, 741376
1529, 9099062, 1, 4096, 745472
1537, 8969062, 1, 4096, 749568
1545, 9099062, 1, 4096, 753664
1554, 8969062, 1, 4096, 757760
1562, 9099062, 1, 4096, 761856
1571, 8969062, 1, 4096, 765952
1579, 9099062, 1, 4096, 770048
1587, 8969062, 1, 4096, 774144
1596, 9099062, 1, 4096, 778240
1604, 8969062, 1, 4096, 782336
1612, 9099062, 1, 4096, 786432
1620, 8969062, 1, 4096, 790528
1629, 18198124, 1, 4096, 794624
1637, 8969062, 1, 4096, 798720
1646, 27297186, 1, 4096, 802816
1654, 26907186, 1, 4096, 806912
1662, 36396248, 1, 4096, 811008
1671, 8969062, 1, 4096, 815104
1679, 9099062, 1, 4096, 819200
1687, 8969062, 1, 4096, 823296
1696, 9099062, 1, 4096, 827392
1704, 8969062, 1, 4096, 831488
1712, 9099062, 1, 4096, 835584
1721, 8969062, 1, 4096, 839680
1729, 9099062, 1, 4096, 843776
1738, 8969062, 1, 4096, 847872
1746, 9099062, 1, 4096, 851968
1754, 8969062, 1, 4096, 856064
1762, 9099062, 1, 4096, 860160
1771, 8969062, 1, 4096, 864256
1780, 9099062, 1, 4096, 868352
1788, 8969062, 1, 4096, 872448
1796, 9099062, 1, 4096, 876544
1804, 8969062, 1, 4096, 880640
1813, 9099062, 1, 4096, 884736
1821, 8969062, 1, 4096, 888832
1829, 9099062, 1, 4096, 892928
1838, 8969062, 1, 4096, 897024
1846, 9099062, 1, 4096, 901120
1855, 8969062, 1, 4096, 905216
1863, 9099062, 1, 4096, 909312
1871, 8969062, 1, 4096, 913408
1880, 9099062, 1, 4096, 917504
1888, 8969062, 1, 4096, 921600
1896, 9099062, 1, 4096, 925696
1904, 8969062, 1, 4096, 929792
1913, 9099062, 1, 4096, 933888
1921, 8969062, 1, 4096, 937984
1930, 9099062, 1, 4096, 942080
1938, 8969062, 1, 4096, 946176
1947, 9099062, 1, 4096, 950272
1955, 8969062, 1, 4096, 954368
1963, 9099062, 1, 4096, 958464
1972, 8969062, 1, 4096, 962560
1980, 9099062, 1, 4096, 966656
1988, 8969062, 1, 4096, 970752
1997, 9099062, 1, 4096, 974848
2005, 8969062, 1, 4096, 978944
2013, 9099062, 1, 4096, 983040
2022, 8969062, 1, 4096, 987136
2030, 9099062, 1, 4096, 991232
2038, 8969062, 1, 4096, 995328
2047, 9099062, 1, 4096, 999424
2055, 8969062, 1, 4096, 1003520
2064, 9099062, 1, 4096, 1007616
2072, 8969062, 1, 4096, 1011712
2080, 9099062, 1, 4096, 1015808
2089, 8969062, 1, 4096, 1019904
2097, 9099062, 1, 4096, 1024000
2105, 8969062, 1, 4096, 1028096
2113, 9099070, 1, 4096, 1032192
2122, 8969062, 1, 4096, 1036288
2130, 9099062, 1, 4096, 1040384
2138, 8969062, 1, 4096, 1044480
2147, 9099062, 1, 4096, 1048576
2156, 8969062, 1, 4096, 1052672
2163, 9099062, 1, 4096, 1056768
2172, 8969062, 1, 4096, 1060864
2180, 9099062, 1, 4096, 1064960
2189, 8969062, 1, 4096, 1069056
2197, 9099062, 1, 4096, 1073152
2205, 8969062, 1, 4096, 1077248
2214, 9099062, 1, 4096, 1081344
2222, 8969062, 1, 4096, 1085440
2231, 9099062, 1, 4096, 1089536
2239, 8969062, 1, 4096, 1093632
2247, 9099062, 1, 4096, 1097728
2256, 8969062, 1, 4096, 1101824
2264, 9099062, 1, 4096, 1105920
2272, 8969062, 1, 4096, 1110016
2280, 9099062, 1, 4096, 1114112
2289, 8969062, 1, 4096, 1118208
2297, 9099062, 1, 4096, 1122304
2306, 8969062, 1, 4096, 1126400
2314, 9099062, 1, 4096, 1130496
2322, 8969062, 1, 4096, 1134592
2331, 9099062, 1, 4096, 1138688
2339, 8969062, 1, 4096, 1142784
2347, 9099062, 1, 4096, 1146880
2356, 8969062, 1, 4096, 1150976
2364, 9099062, 1, 4096, 1155072
2372, 8969062, 1, 4096, 1159168
2381, 9099062, 1, 4096, 1163264
2389, 8969062, 1, 4096, 1167360
2397, 9099062, 1, 4096, 1171456
2406, 8969062, 1, 4096, 1175552
2414, 9099062, 1, 4096, 1179648
2422, 8969062, 1, 4096, 1183744
2431, 9099062, 1, 4096, 1187840
2440, 8969062, 1, 4096, 1191936
2448, 9099062, 1, 4096, 1196032
2456, 8969062, 1, 4096, 1200128
2465, 9099062, 1, 4096, 1204224
2473, 8969062, 1, 4096, 1208320
2481, 9099062, 1, 4096, 1212416
2489, 17938124, 1, 4096, 1216512
2498, 27297186, 1, 4096, 1220608
2506, 26907186, 1, 4096, 1224704
2515, 9099062, 1, 4096, 1228800
2523, 8969062, 1, 4096, 1232896
2531, 9099062, 1, 4096, 1236992
2540, 8969062, 1, 4096, 1241088
2548, 9099062, 1, 4096, 1245184
2556, 8969062, 1, 4096, 1249280
2565, 9099062, 1, 4096, 1253376
2573, 8969062, 1, 4096, 1257472
2581, 9099062, 1, 4096, 1261568
2590, 8969062, 1, 4096, 1265664
2598, 9099062, 1, 4096, 1269760
2606, 8969062, 1, 4096, 1273856
2615, 9099062, 1, 4096, 1277952
2623, 8969062, 1, 4096, 1282048
2631, 9099062, 1, 4096, 1286144
2640, 8969062, 1, 4096, 1290240
2648, 9099062, 1, 4096, 1294336
2657, 8969062, 1, 4096, 1298432
2665, 9099062, 1, 4096, 1302528
2673, 8969062, 1, 4096, 1306624
2681, 9099062, 1, 4096, 1310720
2690, 8969062, 1, 4096, 1314816
2698, 9099062, 1, 4096, 1318912
2707, 8969062, 1, 4096, 1323008
2715, 9099062, 1, 4096, 1327104
2724, 8969062, 1, 4096, 1331200
2732, 9099062, 1, 4096, 1335296
2740, 8969062, 1, 4096, 1339392
2748, 9099062, 1, 4096, 1343488
2757, 8969062, 1, 4096, 1347584
2765, 9099062, 1, 4096, 1351680
2774, 8969062, 1, 4096, 1355776
2782, 9099062, 1, 4096, 1359872
2790, 8969062, 1, 4096, 1363968
2798, 9099062, 1, 4096, 1368064
2807, 8969062, 1, 4096, 1372160
2815, 9099062, 1, 4096, 1376256
2824, 8969062, 1, 4096, 1380352
2832, 9099062, 1, 4096, 1384448
2841, 8969062, 1, 4096, 1388544
2849, 9099062, 1, 4096, 1392640
2857, 8969062, 1, 4096, 1396736
2865, 9099062, 1, 4096, 1400832
2874, 8969062, 1, 4096, 1404928
2882, 9099062, 1, 4096, 1409024
2890, 8969062, 1, 4096, 1413120
2899, 9099062, 1, 4096, 1417216
2907, 8969062, 1, 4096, 1421312
2916, 9099062, 1, 4096, 1425408
2924, 8969062, 1, 4096, 1429504
2932, 9099062, 1, 4096, 1433600
2940, 8969062, 1, 4096, 1437696
2949, 9099062, 1, 4096, 1441792
2957, 8969062, 1, 4096, 1445888
2966, 9099062, 1, 4096, 1449984
2974, 8969062, 1, 4096, 1454080
2983, 9099062, 1, 4096, 1458176
2991, 8969062, 1, 4096, 1462272
2999, 9099062, 1, 4096, 1466368
3007, 8969062, 1, 4096, 1470464
3016, 9099062, 1, 4096, 1474560
3024, 8969062, 1, 4096, 1478656
3032, 9099062, 1, 4096, 1482752
3041, 8969062, 1, 4096, 1486848
3049, 9099062, 1, 4096, 1490944
3058, 8969062, 1, 4096, 1495040
3066, 9099062, 1, 4096, 1499136
3074, 8969062, 1, 4096, 1503232
3083, 9099062, 1, 4096, 1507328
3091, 8969062, 1, 4096, 1511424
3099, 9099062, 1, 4096, 1515520
3108, 8969062, 1, 4096, 1519616
3116, 9099062, 1, 4096, 1523712
3124, 8969062, 1, 4096, 1527808
3133, 9099062, 1, 4096, 1531904
3141, 8969062, 1, 4096, 1536000
3149, 9099062, 1, 4096, 1540096
3158, 8969062, 1, 4096, 1544192
3166, 9099070, 1, 4096, 1548288
3174, 8969062, 1, 4096, 1552384
3183, 9099062, 1, 4096, 1556480
3192, 8969062, 1, 4096, 1560576
3199, 9099062, 1, 4096, 1564672
3208, 8969062, 1, 4096, 1568768
3216, 9099062, 1, 4096, 1572864
3225, 8969062, 1, 4096, 1576960
3233, 9099062, 1, 4096, 1581056
3241, 8969062, 1, 4096, 1585152
3250, 9099062, 1, 4096, 1589248
3258, 8969062, 1, 4096, 1593344
3266, 9099062, 1, 4096, 1597440
3275, 8969062, 1, 4096, 1601536
3283, 9099062, 1, 4096, 1605632
3292, 8969062, 1, 4096, 1609728
3300, 18198124, 1, 4096, 1613824
3308, 8969062, 1, 4096, 1617920
3317, 27297186, 1, 4096, 1622016
3325, 26907186, 1, 4096, 1626112
3333, 36396248, 1, 4096, 1630208
3342, 8969062, 1, 4096, 1634304
3350, 9099062, 1, 4096, 1638400
3359, 8969062, 1, 4096, 1642496
3367, 9099062, 1, 4096, 1646592
3375, 8969062, 1, 4096, 1650688
3383, 9099062, 1, 4096, 1654784
3392, 8969062, 1, 4096, 1658880
3400, 9099062, 1, 4096, 1662976
3408, 8969062, 1, 4096, 1667072
3417, 9099062, 1, 4096, 1671168
3425, 8969062, 1, 4096, 1675264
3433, 9099062, 1, 4096, 1679360
3442, 8969062, 1, 4096, 1683456
3450, 9099062, 1, 4096, 1687552
3458, 8969062, 1, 4096, 1691648
3467, 9099062, 1, 4096, 1695744
3475, 8969062, 1, 4096, 1699840
3484, 9099062, 1, 4096, 1703936
3492, 8969062, 1, 4096, 1708032
3500, 9099062, 1, 4096, 1712128
3509, 8969062, 1, 4096, 1716224
3517, 9099062, 1, 4096, 1720320
3525, 8969062, 1, 4096, 1724416
3534, 9099062, 1, 4096, 1728512
3542, 8969062, 1, 4096, 1732608
3551, 9099062, 1, 4096, 1736704
3559, 8969062, 1, 4096, 1740800
3567, 9099062, 1, 4096, 1744896
3575, 8969062, 1, 4096, 1748992
3584, 9099062, 1, 4096, 1753088
3592, 8969062, 1, 4096, 1757184
3601, 9099062, 1, 4096, 1761280
3609, 8969062, 1, 4096, 1765376
3617, 9099062, 1, 4096, 1769472
3626, 8969062, 1, 4096, 1773568
3634, 9099062, 1, 4096, 1777664
3643, 8969062, 1, 4096, 1781760
3651, 9099062, 1, 4096, 1785856
3659, 8969062, 1, 4096, 1789952
3667, 9099062, 1, 4096, 1794048
3676, 8969062, 1, 4096, 1798144
3684, 9099062, 1, 4096, 1802240
3693, 8969062, 1, 4096, 1806336
3701, 9099062, 1, 4096, 1810432
3709, 8969062, 1, 4096, 1814528
3717, 9099062, 1, 4096, 1818624
3718, 8969062, 1, 4096, 1822720
3726, 9099062, 1, 4096, 1826816
3735, 8969062, 1, 4096, 1830912
3743, 9099062, 1, 4096, 1835008
3752, 8969062, 1, 4096, 1839104
3760, 9099062, 1, 4096, 1843200
3768, 8969062, 1, 4096, 1847296
3777, 9099062, 1, 4096, 1851392
3785, 8969062, 1, 4096, 1855488
3794, 9099062, 1, 4096, 1859584
3802, 8969062, 1, 4096, 1863680
3810, 9099062, 1, 4096, 1867776
3818, 8969062, 1, 4096, 1871872
3827, 9099062, 1, 4096, 1875968
3835, 8969062, 1, 4096, 1880064
3843, 9099062, 1, 4096, 1884160
3852, 8969062, 1, 4096, 1888256
3860, 9099062, 1, 4096, 1892352
3869, 8969062, 1, 4096, 1896448
3877, 9099062, 1, 4096, 1900544
3885, 8969062, 1, 4096, 1904640
3893, 9099062, 1, 4096, 1908736
3902, 8969062, 1, 4096, 1912832
3911, 9099062, 1, 4096, 1916928
3918, 8969062, 1, 4096, 1921024
3927, 9099062, 1, 4096, 1925120
3935, 8969062, 1, 4096, 1929216
3944, 9099062, 1, 4096, 1933312
3952, 8969062, 1, 4096, 1937408
3961, 9099062, 1, 4096, 1941504
3969, 8969062, 1, 4096, 1945600
3977, 9099062, 1, 4096, 1949696
3985, 8969062, 1, 4096, 1953792
3994, 9099062, 1, 4096, 1957888
4002, 8969062, 1, 4096, 1961984
4011, 9099062, 1, 4096, 1966080
4019, 8969062, 1, 4096, 1970176
4027, 9099062, 1, 4096, 1974272
4035, 8969062, 1, 4096, 1978368
4044, 9099062, 1, 4096, 1982464
4053, 8969062, 1, 4096, 1986560
4061, 9099062, 1, 4096, 1990656
4069, 8969062, 1, 4096, 1994752
4078, 9099062, 1, 4096, 1998848
4086, 8969062, 1, 4096, 2002944
4094, 9099062, 1, 4096, 2007040
4111, 8969062, 1, 4096, 2011136
4119, 9099062, 1, 4096, 2015232
4128, 8969062, 1, 4096, 2019328
4136, 9099062, 1, 4096, 2023424
4144, 8969062, 1, 4096, 2027520
4153, 9099062, 1, 4096, 2031616
4161, 17938124, 1, 4096, 2035712
4169, 27297186, 1, 4096, 2039808
4177, 26907186, 1, 4096, 2043904
4186, 9099062, 1, 4096, 2048000
4195, 8969062, 1, 4096, 2052096
4203, 9099062, 1, 4096, 2056192
4211, 8969062, 1, 4096, 2060288
4219, 9099070, 1, 4096, 2064384
4228, 8969062, 1, 4096, 2068480
4236, 9099062, 1, 4096, 2072576
4244, 8969062, 1, 4096, 2076672
4253, 9099062, 1, 4096, 2080768
4261, 8969062, 1, 4096, 2084864
4270, 9099062, 1, 4096, 2088960
4278, 8969062, 1, 4096, 2093056
4286, 9099062, 1, 4096, 2097152
4295, 8969062, 1, 4096, 2101248
4303, 9099062, 1, 4096, 2105344
4312, 8969062, 1, 4096, 2109440
4320, 9099062, 1, 4096, 2113536
4328, 8969062, 1, 4096, 2117632
4337, 9099062, 1, 4096, 2121728
4345, 8969062, 1, 4096, 2125824
4353, 9099062, 1, 4096, 2129920
4361, 8969062, 1, 4096, 2134016
4370, 9099062, 1, 4096, 2138112
4378, 8969062, 1, 4096, 2142208
4386, 9099062, 1, 4096, 2146304
4395, 8969062, 1, 4096, 2150400
4403, 9099062, 1, 4096, 2154496
4411, 8969062, 1, 4096, 2158592
4420, 9099062, 1, 4096, 2162688
4428, 8969062, 1, 4096, 2166784
4436, 9099062, 1, 4096, 2170880
4445, 8969062, 1, 4096, 2174976
4453, 9099062, 1, 4096, 2179072
4462, 8969062, 1, 4096, 2183168
4470, 9099062, 1, 4096, 2187264
4478, 8969062, 1, 4096, 2191360
4487, 9099062, 1, 4096, 2195456
4495, 8969062, 1, 4096, 2199552
4504, 9099062, 1, 4096, 2203648
4512, 8969062, 1, 4096, 2207744
4520, 9099062, 1, 4096, 2211840
4529, 8969062, 1, 4096, 2215936
4537, 9099062, 1, 4096, 2220032
4545, 8969062, 1, 4096, 2224128
4554, 9099062, 1, 4096, 2228224
4562, 8969062, 1, 4096, 2232320
4570, 9099062, 1, 4096, 2236416
4579, 8969062, 1, 4096, 2240512
4587, 9099062, 1, 4096, 2244608
4596, 8969062, 1, 4096, 2248704
4604, 9099062, 1, 4096, 2252800
4612, 8969062, 1, 4096, 2256896
4620, 9099062, 1, 4096, 2260992
4629, 8969062, 1, 4096, 2265088
4637, 9099062, 1, 4096, 2269184
4646, 8969062, 1, 4096, 2273280
4654, 9099062, 1, 4096, 2277376
4662, 8969062, 1, 4096, 2281472
4670, 9099062, 1, 4096, 2285568
4679, 8969062, 1, 4096, 2289664
4687, 9099062, 1, 4096, 2293760
4695, 8969062, 1, 4096, 2297856
4704, 9099062, 1, 4096, 2301952
4712, 8969062, 1, 4096, 2306048
4721, 9099062, 1, 4096, 2310144
4729, 8969062, 1, 4096, 2314240
4737, 9099062, 1, 4096, 2318336
4746, 8969062, 1, 4096, 2322432
4754, 9099062, 1, 4096, 2326528
4763, 8969062, 1, 4096, 2330624
4771, 9099062, 1, 4096, 2334720
4779, 8969062, 1, 4096, 2338816
4788, 9099062, 1, 4096, 2342912
4796, 8969062, 1, 4096, 2347008
4804, 9099062, 1, 4096, 2351104
4812, 8969062, 1, 4096, 2355200
4821, 9099062, 1, 4096, 2359296
4829, 8969062, 1, 4096, 2363392
4837, 9099062, 1, 4096, 2367488
4846, 8969062, 1, 4096, 2371584
4854, 9099062, 1, 4096, 2375680
4863, 8969062, 1, 4096, 2379776
4871, 9099062, 1, 4096, 2383872
4880, 8969062, 1, 4096, 2387968
4888, 9099062, 1, 4096, 2392064
4896, 8969062, 1, 4096, 2396160
4904, 9099062, 1, 4096, 2400256
4913, 8969062, 1, 4096, 2404352
4921, 9099062, 1, 4096, 2408448
4930, 8969062, 1, 4096, 2412544
4938, 9099062, 1, 4096, 2416640
4946, 8969062, 1, 4096, 2420736
4955, 9099062, 1, 4096, 2424832
4963, 8969062, 1, 4096, 2428928
4971, 18198124, 1, 4096, 2433024
4980, 8969062, 1, 4096, 2437120
4988, 27297186, 1, 4096, 2441216
4996, 26907186, 1, 4096, 2445312
5005, 36396248, 1, 4096, 2449408
5013, 8969062, 1, 4096, 2453504
5021, 9099062, 1, 4096, 2457600
5030, 8969062, 1, 4096, 2461696
5038, 9099062, 1, 4096, 2465792
5047, 8969062, 1, 4096, 2469888
5055, 9099062, 1, 4096, 2473984
5063, 8969062, 1, 4096, 2478080
5071, 9099062, 1, 4096, 2482176
5080, 8969062, 1, 4096, 2486272
5088, 9099062, 1, 4096, 2490368
5096, 8969062, 1, 4096, 2494464
5105, 9099062, 1, 4096, 2498560
5113, 8969062, 1, 4096, 2502656
5122, 9099062, 1, 4096, 2506752
5130, 8969062, 1, 4096, 2510848
5139, 9099062, 1, 4096, 2514944
5147, 8969062, 1, 4096, 2519040
5155, 9099062, 1, 4096, 2523136
5163, 8969062, 1, 4096, 2527232
5172, 9099062, 1, 4096, 2531328
5180, 8969062, 1, 4096, 2535424
5189, 9099062, 1, 4096, 2539520
5197, 8969062, 1, 4096, 2543616
5205, 9099062, 1, 4096, 2547712
5214, 8969062, 1, 4096, 2551808
5222, 9099062, 1, 4096, 2555904
5231, 8969062, 1, 4096, 2560000
5239, 9099062, 1, 4096, 2564096
5247, 8969062, 1, 4096, 2568192
5256, 9099062, 1, 4096, 2572288
5264, 8969062, 1, 4096, 2576384
5272, 9099070, 1, 4096, 2580480
5280, 8969062, 1, 4096, 2584576
5289, 9099062, 1, 4096, 2588672
5297, 8969062, 1, 4096, 2592768
5306, 9099062, 1, 4096, 2596864
5314, 8969062, 1, 4096, 2600960
5322, 9099062, 1, 4096, 2605056
5331, 8969062, 1, 4096, 2609152
5339, 9099062, 1, 4096, 2613248
5348, 8969062, 1, 4096, 2617344
5356, 9099062, 1, 4096, 2621440
5364, 8969062, 1, 4096, 2625536
5373, 9099062, 1, 4096, 2629632
5381, 8969062, 1, 4096, 2633728
5389, 9099062, 1, 4096, 2637824
5397, 8969062, 1, 4096, 2641920
5406, 9099062, 1, 4096, 2646016
5414, 8969062, 1, 4096, 2650112
5422, 9099062, 1, 4096, 2654208
5431, 8969062, 1, 4096, 2658304
5439, 9099062, 1, 4096, 2662400
5448, 8969062, 1, 4096, 2666496
5456, 9099062, 1, 4096, 2670592
5464, 8969062, 1, 4096, 2674688
5473, 9099062, 1, 4096, 2678784
5481, 8969062, 1, 4096, 2682880
5489, 9099062, 1, 4096, 2686976
5498, 8969062, 1, 4096, 2691072
5506, 9099062, 1, 4096, 2695168
5514, 8969062, 1, 4096, 2699264
5523, 9099062, 1, 4096, 2703360
5531, 8969062, 1, 4096, 2707456
5539, 9099062, 1, 4096, 2711552
5548, 8969062, 1, 4096, 2715648
5556, 9099062, 1, 4096, 2719744
5565, 8969062, 1, 4096, 2723840
5573, 9099062, 1, 4096, 2727936
5581, 8969062, 1, 4096, 2732032
5590, 9099062, 1, 4096, 2736128
5598, 8969062, 1, 4096, 2740224
5606, 9099062, 1, 4096, 2744320
5614, 8969062, 1, 4096, 2748416
5623, 9099062, 1, 4096, 2752512
5631, 8969062, 1, 4096, 2756608
5640, 9099062, 1, 4096, 2760704
5648, 8969062, 1, 4096, 2764800
5656, 9099062, 1, 4096, 2768896
5665, 8969062, 1, 4096, 2772992
5673, 9099062, 1, 4096, 2777088
5681, 8969062, 1, 4096, 2781184
5690, 9099062, 1, 4096, 2785280
5698, 8969062, 1, 4096, 2789376
5706, 9099062, 1, 4096, 2793472
5715, 8969062, 1, 4096, 2797568
5723, 9099062, 1, 4096, 2801664
5732, 8969062, 1, 4096, 2805760
5740, 9099062, 1, 4096, 2809856
5748, 8969062, 1, 4096, 2813952
5757, 9099062, 1, 4096, 2818048
5765, 8969062, 1, 4096, 2822144
5774, 9099062, 1, 4096, 2826240
5782, 8969062, 1, 4096, 2830336
5790, 9099062, 1, 4096, 2834432
5799, 8969062, 1, 4096, 2838528
5807, 9099062, 1, 4096, 2842624
5815, 8969062, 1, 4096, 2846720
5823, 9099062, 1, 4096, 2850816
5832, 17938124, 1, 4096, 2854912
5840, 27297186, 1, 4096, 2859008
5848, 26907186, 1, 4096, 2863104
5857, 9099062, 1, 4096, 2867200
5865, 8969062, 1, 4096, 2871296
5874, 9099062, 1, 4096, 2875392
5882, 8969062, 1, 4096, 2879488
5891, 9099062, 1, 4096, 2883584
5899, 8969062, 1, 4096, 2887680
5907, 9099062, 1, 4096, 2891776
5915, 8969062, 1, 4096, 2895872
5924, 9099062, 1, 4096, 2899968
5932, 8969062, 1, 4096, 2904064
5940, 9099062, 1, 4096, 2908160
5949, 8969062, 1, 4096, 2912256
5957, 9099062, 1, 4096, 2916352
5965, 8969062, 1, 4096, 2920448
5974, 9099062, 1, 4096, 2924544
5982, 8969062, 1, 4096, 2928640
5991, 9099062, 1, 4096, 2932736
5999, 8969062, 1, 4096, 2936832
6007, 9099062, 1, 4096, 2940928
6015, 8969062, 1, 4096, 2945024
6024, 9099062, 1, 4096, 2949120
6032, 8969062, 1, 4096, 2953216
6041, 9099062, 1, 4096, 2957312
6049, 8969062, 1, 4096, 2961408
6057, 9099062, 1, 4096, 2965504
6066, 8969062, 1, 4096, 2969600
6074, 9099062, 1, 4096, 2973696
6083, 8969062, 1, 4096, 2977792
6091, 9099062, 1, 4096, 2981888
6099, 8969062, 1, 4096, 2985984
6107, 9099062, 1, 4096, 2990080
6116, 8969062, 1, 4096, 2994176
6124, 9099062, 1, 4096, 2998272
6133, 8969062, 1, 4096, 3002368
6141, 9099062, 1, 4096, 3006464
6149, 8969062, 1, 4096, 3010560
6157, 9099062, 1, 4096, 3014656
6166, 8969062, 1, 4096, 3018752
6175, 9099062, 1, 4096, 3022848
6183, 8969062, 1, 4096, 3026944
6191, 9099062, 1, 4096, 3031040
6199, 8969062, 1, 4096, 3035136
6208, 9099062, 1, 4096, 3039232
6216, 8969062, 1, 4096, 3043328
6224, 9099062, 1, 4096, 3047424
6233, 8969062, 1, 4096, 3051520
6242, 9099062, 1, 4096, 3055616
6249, 8969062, 1, 4096, 3059712
6258, 9099062, 1, 4096, 3063808
6267, 8969062, 1, 4096, 3067904
6275, 9099062, 1, 4096, 3072000
6283, 8969062, 1, 4096, 3076096
6291, 9099062, 1, 4096, 3080192
6300, 8969062, 1, 4096, 3084288
6308, 9099062, 1, 4096, 3088384
6317, 8969062, 1, 4096, 3092480
6325, 9099070, 1, 4096, 3096576
6333, 8969062, 1, 4096, 3100672
6342, 9099062, 1, 4096, 3104768
6350, 8969062, 1, 4096, 3108864
6358, 9099062, 1, 4096, 3112960
6366, 8969062, 1, 4096, 3117056
6375, 9099062, 1, 4096, 3121152
6383, 8969062, 1, 4096, 3125248
6392, 9099062, 1, 4096, 3129344
6400, 8969062, 1, 4096, 3133440
6408, 9099062, 1, 4096, 3137536
6416, 8969062, 1, 4096, 3141632
6425, 9099062, 1, 4096, 3145728
6433, 8969062, 1, 4096, 3149824
6442, 9099062, 1, 4096, 3153920
6450, 8969062, 1, 4096, 3158016
6459, 9099062, 1, 4096, 3162112
6467, 8969062, 1, 4096, 3166208
6475, 9099062, 1, 4096, 3170304
6483, 8969062, 1, 4096, 3174400
6492, 9099062, 1, 4096, 3178496
6500, 8969062, 1, 4096, 3182592
6509, 9099062, 1, 4096, 3186688
6517, 8969062, 1, 4096, 3190784
6525, 9099062, 1, 4096, 3194880
6533, 8969062, 1, 4096, 3198976
6542, 9099062, 1, 4096, 3203072
6550, 8969062, 1, 4096, 3207168
6559, 9099062, 1, 4096, 3211264
6567, 8969062, 1, 4096, 3215360
6575, 9099062, 1, 4096, 3219456
6584, 8969062, 1, 4096, 3223552
6592, 9099062, 1, 4096, 3227648
6601, 8969062, 1, 4096, 3231744
6609, 9099062, 1, 4096, 3235840
6617, 8969062, 1, 4096, 3239936
6625, 9099062, 1, 4096, 3244032
6634, 8969062, 1, 4096, 3248128
6642, 18198124, 1, 4096, 3252224
6650, 8969062, 1, 4096, 3256320
6659, 27297186, 1, 4096, 3260416
6667, 26907186, 1, 4096, 3264512
6676, 36396248, 1, 4096, 3268608
6684, 8969062, 1, 4096, 3272704
6692, 9099062, 1, 4096, 3276800
6701, 8969062, 1, 4096, 3280896
6709, 9099062, 1, 4096, 3284992
6718, 8969062, 1, 4096, 3289088
6726, 9099062, 1, 4096, 3293184
6734, 8969062, 1, 4096, 3297280
6743, 9099062, 1, 4096, 3301376
6751, 8969062, 1, 4096, 3305472
6759, 9099062, 1, 4096, 3309568
6767, 8969062, 1, 4096, 3313664
6776, 9099062, 1, 4096, 3317760
6784, 8969062, 1, 4096, 3321856
6793, 9099062, 1, 4096, 3325952
6801, 8969062, 1, 4096, 3330048
6809, 9099062, 1, 4096, 3334144
6818, 8969062, 1, 4096, 3338240
6826, 9099062, 1, 4096, 3342336
6834, 8969062, 1, 4096, 3346432
6843, 9099062, 1, 4096, 3350528
6851, 8969062, 1, 4096, 3354624
6860, 9099062, 1, 4096, 3358720
6868, 8969062, 1, 4096, 3362816
6876, 9099062, 1, 4096, 3366912
6884, 8969062, 1, 4096, 3371008
6893, 9099062, 1, 4096, 3375104
6901, 8969062, 1, 4096, 3379200
6909, 9099062, 1, 4096, 3383296
6918, 8969062, 1, 4096, 3387392
6926, 9099062, 1, 4096, 3391488
6935, 8969062, 1, 4096, 3395584
6943, 9099062, 1, 4096, 3399680
6951, 8969062, 1, 4096, 3403776
6960, 9099062, 1, 4096, 3407872
6968, 8969062, 1, 4096, 3411968
6976, 9099062, 1, 4096, 3416064
6985, 8969062, 1, 4096, 3420160
6993, 9099062, 1, 4096, 3424256
7002, 8969062, 1, 4096, 3428352
7010, 9099062, 1, 4096, 3432448
7018, 8969062, 1, 4096, 3436544
7027, 9099062, 1, 4096, 3440640
7035, 8969062, 1, 4096, 3444736
7043, 9099062, 1, 4096, 3448832
7051, 8969062, 1, 4096, 3452928
7060, 9099062, 1, 4096, 3457024
7068, 8969062, 1, 4096, 3461120
7077, 9099062, 1, 4096, 3465216
7085, 8969062, 1, 4096, 3469312
7093, 9099062, 1, 4096, 3473408
7102, 8969062, 1, 4096, 3477504
7110, 9099062, 1, 4096, 3481600
7118, 8969062, 1, 4096, 3485696
7127, 9099062, 1, 4096, 3489792
7135, 8969062, 1, 4096, 3493888
7143, 9099062, 1, 4096, 3497984
7152, 8969062, 1, 4096, 3502080
7160, 9099062, 1, 4096, 3506176
7169, 8969062, 1, 4096, 3510272
7177, 9099062, 1, 4096, 3514368
7185, 8969062, 1, 4096, 3518464
7193, 9099062, 1, 4096, 3522560
7202, 8969062, 1, 4096, 3526656
7210, 9099062, 1, 4096, 3530752
7219, 8969062, 1, 4096, 3534848
7227, 9099062, 1, 4096, 3538944
7235, 8969062, 1, 4096, 3543040
7244, 9099062, 1, 4096, 3547136
7252, 8969062, 1, 4096, 3551232
7261, 9099062, 1, 4096, 3555328
7269, 8969062, 1, 4096, 3559424
7277, 9099062, 1, 4096, 3563520
7285, 8969062, 1, 4096, 3567616
7294, 9099062, 1, 4096, 3571712
7303, 8969062, 1, 4096, 3575808
7311, 9099062, 1, 4096, 3579904
7319, 8969062, 1, 4096, 3584000
7327, 9099062, 1, 4096, 3588096
7336, 8969062, 1, 4096, 3592192
7344, 9099062, 1, 4096, 3596288
7353, 8969062, 1, 4096, 3600384
7361, 9099062, 1, 4096, 3604480
7369, 8969062, 1, 4096, 3608576
7378, 9099070, 1, 4096, 3612672
7386, 8969062, 1, 4096, 3616768
7394, 9099062, 1, 4096, 3620864
7402, 8969062, 1, 4096, 3624960
7411, 9099062, 1, 4096, 3629056
7419, 8969062, 1, 4096, 3633152
7427, 9099062, 1, 4096, 3637248
7436, 8969062, 1, 4096, 3641344
7436, 9099062, 1, 4096, 3645440
7445, 8969062, 1, 4096, 3649536
7453, 9099062, 1, 4096, 3653632
7461, 8969062, 1, 4096, 3657728
7470, 9099062, 1, 4096, 3661824
7478, 8969062, 1, 4096, 3665920
7487, 9099062, 1, 4096, 3670016
7495, 17938124, 1, 4096, 3674112
7503, 27297186, 1, 4096, 3678208
7512, 26907186, 1, 4096, 3682304
7520, 9099062, 1, 4096, 3686400
7529, 8969062, 1, 4096, 3690496
7537, 9099062, 1, 4096, 3694592
7545, 8969062, 1, 4096, 3698688
7553, 9099062, 1, 4096, 3702784
7562, 8969062, 1, 4096, 3706880
7570, 9099062, 1, 4096, 3710976
7579, 8969062, 1, 4096, 3715072
7587, 9099062, 1, 4096, 3719168
7595, 8969062, 1, 4096, 3723264
7603, 9099062, 1, 4096, 3727360
7612, 8969062, 1, 4096, 3731456
7620, 9099062, 1, 4096, 3735552
7628, 8969062, 1, 4096, 3739648
7637, 9099062, 1, 4096, 3743744
7645, 8969062, 1, 4096, 3747840
7654, 9099062, 1, 4096, 3751936
7662, 8969062, 1, 4096, 3756032
7670, 9099062, 1, 4096, 3760128
7679, 8969062, 1, 4096, 3764224
7687, 9099062, 1, 4096, 3768320
7695, 8969062, 1, 4096, 3772416
7704, 9099062, 1, 4096, 3776512
7712, 8969062, 1, 4096, 3780608
7720, 9099062, 1, 4096, 3784704
7729, 8969062, 1, 4096, 3788800
7737, 9099062, 1, 4096, 3792896
7746, 8969062, 1, 4096, 3796992
7754, 9099062, 1, 4096, 3801088
7762, 8969062, 1, 4096, 3805184
7771, 9099062, 1, 4096, 3809280
7779, 8969062, 1, 4096, 3813376
7788, 9099062, 1, 4096, 3817472
7796, 8969062, 1, 4096, 3821568
7804, 9099062, 1, 4096, 3825664
7812, 8969062, 1, 4096, 3829760
7821, 9099062, 1, 4096, 3833856
7829, 8969062, 1, 4096, 3837952
7837, 9099062, 1, 4096, 3842048
7846, 8969062, 1, 4096, 3846144
7854, 9099062, 1, 4096, 3850240
7863, 8969062, 1, 4096, 3854336
7871, 9099062, 1, 4096, 3858432
7879, 8969062, 1, 4096, 3862528
7888, 9099062, 1, 4096, 3866624
7896, 8969062, 1, 4096, 3870720
7905, 9099062, 1, 4096, 3874816
7913, 8969062, 1, 4096, 3878912
7921, 9099062, 1, 4096, 3883008
7929, 8969062, 1, 4096, 3887104
7938, 9099062, 1, 4096, 3891200
7946, 8969062, 1, 4096, 3895296
7954, 9099062, 1, 4096, 3899392
7963, 8969062, 1, 4096, 3903488
7971, 9099062, 1, 4096, 3907584
7980, 8969062, 1, 4096, 3911680
7988, 9099062, 1, 4096, 3915776
7996, 8969062, 1, 4096, 3919872
8005, 9099062, 1, 4096, 3923968
8013, 8969062, 1, 4096, 3928064
8021, 9099062, 1, 4096, 3932160
8029, 8969062, 1, 4096, 3936256
8038, 9099062, 1, 4096, 3940352
8046, 8969062, 1, 4096, 3944448
8055, 9099062, 1, 4096, 3948544
8063, 8969062, 1, 4096, 3952640
8072, 9099062, 1, 4096, 3956736
8080, 8969062, 1, 4096, 3960832
8088, 9099062, 1, 4096, 3964928
8096, 8969062, 1, 4096, 3969024
8105, 9099062, 1, 4096, 3973120
8113, 8969062, 1, 4096, 3977216
8121, 9099062, 1, 4096, 3981312
8130, 8969062, 1, 4096, 3985408
8138, 9099062, 1, 4096, 3989504
8147, 8969062, 1, 4096, 3993600
8155, 9099062, 1, 4096, 3997696
8163, 8969062, 1, 4096, 4001792
8172, 9099062, 1, 4096, 4005888
8180, 8969062, 1, 4096, 4009984
8189, 9099062, 1, 4096, 4014080
8197, 8969062, 1, 4096, 4018176
8205, 9099062, 1, 4096, 4022272
8214, 8969062, 1, 4096, 4026368
8222, 9099062, 1, 4096, 4030464
8230, 8969062, 1, 4096, 4034560
8238, 9099062, 1, 4096, 4038656
8247, 8969062, 1, 4096, 4042752
8255, 9099062, 1, 4096, 4046848
8264, 8969062, 1, 4096, 4050944
8272, 9099062, 1, 4096, 4055040
8280, 8969062, 1, 4096, 4059136
8288, 9099062, 1, 4096, 4063232
8297, 8969062, 1, 4096, 4067328
8306, 18198124, 1, 4096, 4071424
8314, 8969062, 1, 4096, 4075520
8322, 27297186, 1, 4096, 4079616
8330, 26907186, 1, 4096, 4083712
8339, 36396248, 1, 4096, 4087808
8347, 8969062, 1, 4096, 4091904
8355, 9099062, 1, 4096, 4096000
8364, 8969062, 1, 4096, 4100096
8372, 9099062, 1, 4096, 4104192
8381, 8969062, 1, 4096, 4108288
8389, 9099062, 1, 4096, 4112384
8398, 8969062, 1, 4096, 4116480
8405, 9099062, 1, 4096, 4120576
8414, 8969062, 1, 4096, 4124672
8422, 9099070, 1, 4096, 4128768
8431, 8969062, 1, 4096, 4132864
8439, 9099062, 1, 4096, 4136960
8448, 8969062, 1, 4096, 4141056
8456, 9099062, 1, 4096, 4145152
8464, 8969062, 1, 4096, 4149248
8472, 9099062, 1, 4096, 4153344
8481, 8969062, 1, 4096, 4157440
8489, 9099062, 1, 4096, 4161536
8498, 8969062, 1, 4096, 4165632
8506, 9099062, 1, 4096, 4169728
8514, 8969062, 1, 4096, 4173824
8522, 9099062, 1, 4096, 4177920
8531, 8969062, 1, 4096, 4182016
8539, 9099062, 1, 4096, 4186112
8547, 8969062, 1, 4096, 4190208
8556, 9099062, 1, 4096, 4194304
8564, 8969062, 1, 4096, 4198400
8573, 9099062, 1, 4096, 4202496
8581, 8969062, 1, 4096, 4206592
8590, 9099062, 1, 4096, 4210688
8598, 8969062, 1, 4096, 4214784
8606, 9099062, 1, 4096, 4218880
8615, 8969062, 1, 4096, 4222976
8623, 9099062, 1, 4096, 4227072
8631, 8969062, 1, 4096, 4231168
8639, 9099062, 1, 4096, 4235264
8648, 8969062, 1, 4096, 4239360
8656, 9099062, 1, 4096, 4243456
8665, 8969062, 1, 4096, 4247552
8673, 9099062, 1, 4096, 4251648
8681, 8969062, 1, 4096, 4255744
8689, 9099062, 1, 4096, 4259840
8698, 8969062, 1, 4096, 4263936
8707, 9099062, 1, 4096, 4268032
8715, 8969062, 1, 4096, 4272128
8723, 9099062, 1, 4096, 4276224
8731, 8969062, 1, 4096, 4280320
8740, 9099062, 1, 4096, 4284416
8748, 8969062, 1, 4096, 4288512
8757, 9099062, 1, 4096, 4292608
8765, 8969062, 1, 4096, 4296704
8773, 9099062, 1, 4096, 4300800
8782, 8969062, 1, 4096, 4304896
8790, 9099062, 1, 4096, 4308992
8798, 8969062, 1, 4096, 4313088
8807, 9099062, 1, 4096, 4317184
8815, 8969062, 1, 4096, 4321280
8823, 9099062, 1, 4096, 4325376
8832, 8969062, 1, 4096, 4329472
8840, 9099062, 1, 4096, 4333568
8849, 8969062, 1, 4096, 4337664
8857, 9099062, 1, 4096, 4341760
8865, 8969062, 1, 4096, 4345856
8873, 9099062, 1, 4096, 4349952
8882, 8969062, 1, 4096, 4354048
8891, 9099062, 1, 4096, 4358144
8898, 8969062, 1, 4096, 4362240
8907, 9099062, 1, 4096, 4366336
8915, 8969062, 1, 4096, 4370432
8924, 9099062, 1, 4096, 4374528
8932, 8969062, 1, 4096, 4378624
8940, 9099062, 1, 4096, 4382720
8949, 8969062, 1, 4096, 4386816
8957, 9099062, 1, 4096, 4390912
8965, 8969062, 1, 4096, 4395008
8974, 9099062, 1, 4096, 4399104
8982, 8969062, 1, 4096, 4403200
8990, 9099062, 1, 4096, 4407296
8999, 8969062, 1, 4096, 4411392
9007, 9099062, 1, 4096, 4415488
9016, 8969062, 1, 4096, 4419584
9024, 9099062, 1, 4096, 4423680
9032, 8969062, 1, 4096, 4427776
9040, 9099062, 1, 4096, 4431872
9049, 8969062, 1, 4096, 4435968
9057, 9099062, 1, 4096, 4440064
9065, 8969062, 1, 4096, 4444160
9074, 9099062, 1, 4096, 4448256
9082, 8969062, 1, 4096, 4452352
9090, 9099062, 1, 4096, 4456448
9099, 8969062, 1, 4096, 4460544
9107, 9099062, 1, 4096, 4464640
9116, 8969062, 1, 4096, 4468736
9124, 9099062, 1, 4096, 4472832
9133, 8969062, 1, 4096, 4476928
9141, 9099062, 1, 4096, 4481024
9149, 8969062, 1, 4096, 4485120
9157, 9099062, 1, 4096, 4489216
9166, 17938124, 1, 4096, 4493312
9174, 27297186, 1, 4096, 4497408
9182, 26907186, 1, 4096, 4501504
9191, 9099062, 1, 4096, 4505600
9199, 8969062, 1, 4096, 4509696
9208, 9099062, 1, 4096, 4513792
9216, 8969062, 1, 4096, 4517888
9224, 9099062, 1, 4096, 4521984
9233, 8969062, 1, 4096, 4526080
9241, 9099062, 1, 4096, 4530176
9249, 8969062, 1, 4096, 4534272
9258, 9099062, 1, 4096, 4538368
9266, 8969062, 1, 4096, 4542464
9275, 9099062, 1, 4096, 4546560
9283, 8969062, 1, 4096, 4550656
9291, 9099062, 1, 4096, 4554752
9299, 8969062, 1, 4096, 4558848
9308, 9099062, 1, 4096, 4562944
9316, 8969062, 1, 4096, 4567040
9325, 9099062, 1, 4096, 4571136
9333, 8969062, 1, 4096, 4575232
9341, 9099062, 1, 4096, 4579328
9350, 8969062, 1, 4096, 4583424
9358, 9099062, 1, 4096, 4587520
9367, 8969062, 1, 4096, 4591616
9375, 9099062, 1, 4096, 4595712
9383, 8969062, 1, 4096, 4599808
9392, 9099062, 1, 4096, 4603904
9400, 8969062, 1, 4096, 4608000
9408, 9099062, 1, 4096, 4612096
9416, 8969062, 1, 4096, 4616192
9425, 9099062, 1, 4096, 4620288
9433, 8969062, 1, 4096, 4624384
9441, 9099062, 1, 4096, 4628480
9450, 8969062, 1, 4096, 4632576
9459, 9099062, 1, 4096, 4636672
9467, 8969062, 1, 4096, 4640768
9475, 9099070, 1, 4096, 4644864
9484, 8969062, 1, 4096, 4648960
9492, 9099062, 1, 4096, 4653056
9500, 8969062, 1, 4096, 4657152
9508, 9099062, 1, 4096, 4661248
9517, 8969062, 1, 4096, 4665344
9525, 9099062, 1, 4096, 4669440
9534, 8969062, 1, 4096, 4673536
9542, 9099062, 1, 4096, 4677632
9550, 8969062, 1, 4096, 4681728
9559, 9099062, 1, 4096, 4685824
9567, 8969062, 1, 4096, 4689920
9575, 9099062, 1, 4096, 4694016
9584, 8969062, 1, 4096, 4698112
9592, 9099062, 1, 4096, 4702208
9600, 8969062, 1, 4096, 4706304
9609, 9099062, 1, 4096, 4710400
9617, 8969062, 1, 4096, 4714496
9625, 9099062, 1, 4096, 4718592
9634, 8969062, 1, 4096, 4722688
9642, 9099062, 1, 4096, 4726784
9650, 8969062, 1, 4096, 4730880
9659, 9099062, 1, 4096, 4734976
9667, 8969062, 1, 4096, 4739072
9675, 9099062, 1, 4096, 4743168
9684, 8969062, 1, 4096, 4747264
9692, 9099062, 1, 4096, 4751360
9700, 8969062, 1, 4096, 4755456
9709, 9099062, 1, 4096, 4759552
9717, 8969062, 1, 4096, 4763648
9725, 9099062, 1, 4096, 4767744
9734, 8969062, 1, 4096, 4771840
9742, 9099062, 1, 4096, 4775936
9751, 8969062, 1, 4096, 4780032
9759, 9099062, 1, 4096, 4784128
9767, 8969062, 1, 4096, 4788224
9776, 9099062, 1, 4096, 4792320
9784, 8969062, 1, 4096, 4796416
9792, 9099062, 1, 4096, 4800512
9801, 8969062, 1, 4096, 4804608
9809, 9099062, 1, 4096, 4808704
9817, 8969062, 1, 4096, 4812800
9826, 9099062, 1, 4096, 4816896
9834, 8969062, 1, 4096, 4820992
9842, 9099062, 1, 4096, 4825088
9851, 8969062, 1, 4096, 4829184
9859, 9099062, 1, 4096, 4833280
9867, 8969062, 1, 4096, 4837376
9876, 9099062, 1, 4096, 4841472
9884, 8969062, 1, 4096, 4845568
9893, 9099062, 1, 4096, 4849664
9901, 8969062, 1, 4096, 4853760
9909, 9099062, 1, 4096, 4857856
9918, 8969062, 1, 4096, 4861952
9926, 9099062, 1, 4096, 4866048
9935, 8969062, 1, 4096, 4870144
9943, 9099062, 1, 4096, 4874240
9951, 8969062, 1, 4096, 4878336
9959, 9099062, 1, 4096, 4882432
9968, 8969062, 1, 4096, 4886528
9976, 18198124, 1, 4096, 4890624
9984, 8969062, 1, 4096, 4894720
9993, 27297186, 1, 4096, 4898816
10002, 26907186, 1, 4096, 4902912
10010, 36396248, 1, 4096, 4907008
10018, 8969062, 1, 4096, 4911104
10026, 9099062, 1, 4096, 4915200
10035, 8969062, 1, 4096, 4919296
10043, 9099062, 1, 4096, 4923392
10052, 8969062, 1, 4096, 4927488
10060, 9099062, 1, 4096, 4931584
10068, 8969062, 1, 4096, 4935680
10077, 9099062, 1, 4096, 4939776
10085, 8969062, 1, 4096, 4943872
10093, 9099062, 1, 4096, 4947968
10101, 8969062, 1, 4096, 4952064
10110, 9099062, 1, 4096, 4956160
10118, 8969062, 1, 4096, 4960256
10127, 9099062, 1, 4096, 4964352
10135, 8969062, 1, 4096, 4968448
10143, 9099062, 1, 4096, 4972544
10152, 8969062, 1, 4096, 4976640
10160, 9099062, 1, 4096, 4980736
10168, 8969062, 1, 4096, 4984832
10177, 9099062, 1, 4096, 4988928
10185, 8969062, 1, 4096, 4993024
10193, 9099062, 1, 4096, 4997120
10202, 8969062, 1, 4096, 5001216
10210, 9099062, 1, 4096, 5005312
10218, 8969062, 1, 4096, 5009408
10227, 9099062, 1, 4096, 5013504
10235, 8969062, 1, 4096, 5017600
10243, 9099062, 1, 4096, 5021696
10252, 8969062, 1, 4096, 5025792
10260, 9099062, 1, 4096, 5029888
10269, 8969062, 1, 4096, 5033984
10277, 9099062, 1, 4096, 5038080
10285, 8969062, 1, 4096, 5042176
10294, 9099062, 1, 4096, 5046272
10302, 8969062, 1, 4096, 5050368
10310, 9099062, 1, 4096, 5054464
10319, 8969062, 1, 4096, 5058560
10327, 9099062, 1, 4096, 5062656
10335, 8969062, 1, 4096, 5066752
10344, 9099062, 1, 4096, 5070848
10352, 8969062, 1, 4096, 5074944
10360, 9099062, 1, 4096, 5079040
10369, 8969062, 1, 4096, 5083136
10377, 9099062, 1, 4096, 5087232
10386, 8969062, 1, 4096, 5091328
10394, 9099062, 1, 4096, 5095424
10403, 8969062, 1, 4096, 5099520
10411, 9099062, 1, 4096, 5103616
10419, 8969062, 1, 4096, 5107712
10427, 9099062, 1, 4096, 5111808
10436, 8969062, 1, 4096, 5115904
10444, 9099062, 1, 4096, 5120000
10452, 8969062, 1, 4096, 5124096
10461, 9099062, 1, 4096, 5128192
10469, 8969062, 1, 4096, 5132288
10477, 9099062, 1, 4096, 5136384
10486, 8969062, 1, 4096, 5140480
10494, 9099062, 1, 4096, 5144576
10502, 8969062, 1, 4096, 5148672
10511, 9099062, 1, 4096, 5152768
10519, 8969062, 1, 4096, 5156864
10528, 9099070, 1, 4096, 5160960
10536, 8969062, 1, 4096, 5165056
10544, 9099062, 1, 4096, 5169152
10553, 8969062, 1, 4096, 5173248
10561, 9099062, 1, 4096, 5177344
10570, 8969062, 1, 4096, 5181440
10578, 9099062, 1, 4096, 5185536
10586, 8969062, 1, 4096, 5189632
10594, 9099062, 1, 4096, 5193728
10603, 8969062, 1, 4096, 5197824
10611, 9099062, 1, 4096, 5201920
10619, 8969062, 1, 4096, 5206016
10628, 9099062, 1, 4096, 5210112
10636, 8969062, 1, 4096, 5214208
10644, 9099062, 1, 4096, 5218304
10653, 8969062, 1, 4096, 5222400
10661, 9099062, 1, 4096, 5226496
10670, 8969062, 1, 4096, 5230592
10678, 9099062, 1, 4096, 5234688
10686, 8969062, 1, 4096, 5238784
10695, 9099062, 1, 4096, 5242880
10703, 8969062, 1, 4096, 5246976
10712, 9099062, 1, 4096, 5251072
10720, 8969062, 1, 4096, 5255168
10728, 9099062, 1, 4096, 5259264
10737, 8969062, 1, 4096, 5263360
10745, 9099062, 1, 4096, 5267456
10753, 8969062, 1, 4096, 5271552
10761, 9099062, 1, 4096, 5275648
10770, 8969062, 1, 4096, 5279744
10778, 9099062, 1, 4096, 5283840
10787, 8969062, 1, 4096, 5287936
10795, 9099062, 1, 4096, 5292032
10804, 8969062, 1, 4096, 5296128
10812, 9099062, 1, 4096, 5300224
10820, 8969062, 1, 4096, 5304320
10828, 9099062, 1, 4096, 5308416
10837, 17938124, 1, 4096, 5312512
10845, 27297186, 1, 4096, 5316608
10854, 26907186, 1, 4096, 5320704
10862, 9099062, 1, 4096, 5324800
10870, 8969062, 1, 4096, 5328896
10878, 9099062, 1, 4096, 5332992
10887, 8969062, 1, 4096, 5337088
10895, 9099062, 1, 4096, 5341184
10903, 8969062, 1, 4096, 5345280
10912, 9099062, 1, 4096, 5349376
10920, 8969062, 1, 4096, 5353472
10929, 9099062, 1, 4096, 5357568
10937, 8969062, 1, 4096, 5361664
10945, 9099062, 1, 4096, 5365760
10954, 8969062, 1, 4096, 5369856
10962, 9099062, 1, 4096, 5373952
10970, 8969062, 1, 4096, 5378048
10979, 9099062, 1, 4096, 5382144
10987, 8969062, 1, 4096, 5386240
10995, 9099062, 1, 4096, 5390336
11004, 8969062, 1, 4096, 5394432
11012, 9099062, 1, 4096, 5398528
11020, 8969062, 1, 4096, 5402624
11029, 9099062, 1, 4096, 5406720
11037, 8969062, 1, 4096, 5410816
11046, 9099062, 1, 4096, 5414912
11054, 8969062, 1, 4096, 5419008
11063, 9099062, 1, 4096, 5423104
11071, 8969062, 1, 4096, 5427200
11079, 9099062, 1, 4096, 5431296
11087, 8969062, 1, 4096, 5435392
11096, 9099062, 1, 4096, 5439488
11104, 8969062, 1, 4096, 5443584
11112, 9099062, 1, 4096, 5447680
11121, 8969062, 1, 4096, 5451776
11129, 9099062, 1, 4096, 5455872
11137, 8969062, 1, 4096, 5459968
11146, 9099062, 1, 4096, 5464064
11146, 8969062, 1, 4096, 5468160
11172, 9099062, 1, 4096, 5472256
11180, 8969062, 1, 4096, 5476352
11188, 9099062, 1, 4096, 5480448
11196, 8969062, 1, 4096, 5484544
11205, 9099062, 1, 4096, 5488640
11213, 8969062, 1, 4096, 5492736
11221, 9099062, 1, 4096, 5496832
11230, 8969062, 1, 4096, 5500928
11238, 9099062, 1, 4096, 5505024
11247, 8969062, 1, 4096, 5509120
11255, 9099062, 1, 4096, 5513216
11263, 8969062, 1, 4096, 5517312
11272, 9099062, 1, 4096, 5521408
11280, 8969062, 1, 4096, 5525504
11288, 9099062, 1, 4096, 5529600
11297, 8969062, 1, 4096, 5533696
11305, 9099062, 1, 4096, 5537792
11313, 8969062, 1, 4096, 5541888
11322, 9099062, 1, 4096, 5545984
11330, 8969062, 1, 4096, 5550080
11339, 9099062, 1, 4096, 5554176
11347, 8969062, 1, 4096, 5558272
11355, 9099062, 1, 4096, 5562368
11363, 8969062, 1, 4096, 5566464
11372, 9099062, 1, 4096, 5570560
11381, 8969062, 1, 4096, 5574656
11389, 9099062, 1, 4096, 5578752
11397, 8969062, 1, 4096, 5582848
11405, 9099062, 1, 4096, 5586944
11414, 8969062, 1, 4096, 5591040
11422, 9099062, 1, 4096, 5595136
11430, 8969062, 1, 4096, 5599232
11439, 9099062, 1, 4096, 5603328
11447, 8969062, 1, 4096, 5607424
11456, 9099062, 1, 4096, 5611520
11464, 8969062, 1, 4096, 5615616
11472, 9099062, 1, 4096, 5619712
11481, 8969062, 1, 4096, 5623808
11489, 9099062, 1, 4096, 5627904
11497, 8969062, 1, 4096, 5632000
11505, 9099062, 1, 4096, 5636096
11514, 8969062, 1, 4096, 5640192
11523, 9099062, 1, 4096, 5644288
11531, 8969062, 1, 4096, 5648384
11539, 9099062, 1, 4096, 5652480
11548, 8969062, 1, 4096, 5656576
11556, 9099062, 1, 4096, 5660672
11564, 8969062, 1, 4096, 5664768
11572, 9099062, 1, 4096, 5668864
11581, 8969062, 1, 4096, 5672960
11589, 9099070, 1, 4096, 5677056
11598, 8969062, 1, 4096, 5681152
11606, 9099062, 1, 4096, 5685248
11614, 8969062, 1, 4096, 5689344
11622, 9099062, 1, 4096, 5693440
11631, 8969062, 1, 4096, 5697536
11639, 9099062, 1, 4096, 5701632
11648, 8969062, 1, 4096, 5705728
11656, 18198124, 1, 4096, 5709824
11665, 8969062, 1, 4096, 5713920
11673, 27297186, 1, 4096, 5718016
11681, 26907186, 1, 4096, 5722112
11689, 36396248, 1, 4096, 5726208
11698, 8969062, 1, 4096, 5730304
11706, 9099062, 1, 4096, 5734400
11715, 8969062, 1, 4096, 5738496
11723, 9099062, 1, 4096, 5742592
11731, 8969062, 1, 4096, 5746688
11739, 9099062, 1, 4096, 5750784
11748, 8969062, 1, 4096, 5754880
11757, 9099062, 1, 4096, 5758976
11764, 8969062, 1, 4096, 5763072
11773, 9099062, 1, 4096, 5767168
11781, 8969062, 1, 4096, 5771264
11790, 9099062, 1, 4096, 5775360
11798, 8969062, 1, 4096, 5779456
11806, 9099062, 1, 4096, 5783552
11815, 8969062, 1, 4096, 5787648
11823, 9099062, 1, 4096, 5791744
11831, 8969062, 1, 4096, 5795840
11840, 9099062, 1, 4096, 5799936
11848, 8969062, 1, 4096, 5804032
11856, 9099062, 1, 4096, 5808128
11865, 8969062, 1, 4096, 5812224
11873, 9099062, 1, 4096, 5816320
11882, 8969062, 1, 4096, 5820416
11890, 9099062, 1, 4096, 5824512
11899, 8969062, 1, 4096, 5828608
11906, 9099062, 1, 4096, 5832704
11915, 8969062, 1, 4096, 5836800
11923, 9099062, 1, 4096, 5840896
11932, 8969062, 1, 4096, 5844992
11940, 9099062, 1, 4096, 5849088
11948, 8969062, 1, 4096, 5853184
11957, 9099062, 1, 4096, 5857280
11965, 8969062, 1, 4096, 5861376
11973, 9099062, 1, 4096, 5865472
11982, 8969062, 1, 4096, 5869568
11990, 9099062, 1, 4096, 5873664
11998, 8969062, 1, 4096, 5877760
12007, 9099062, 1, 4096, 5881856
12015, 8969062, 1, 4096, 5885952
12024, 9099062, 1, 4096, 5890048
12032, 8969062, 1, 4096, 5894144
12040, 9099062, 1, 4096, 5898240
12049, 8969062, 1, 4096, 5902336
12057, 9099062, 1, 4096, 5906432
12066, 8969062, 1, 4096, 5910528
12074, 9099062, 1, 4096, 5914624
12082, 8969062, 1, 4096, 5918720
12090, 9099062, 1, 4096, 5922816
12099, 8969062, 1, 4096, 5926912
12107, 9099062, 1, 4096, 5931008
12116, 8969062, 1, 4096, 5935104
12124, 9099062, 1, 4096, 5939200
12132, 8969062, 1, 4096, 5943296
12140, 9099062, 1, 4096, 5947392
12149, 8969062, 1, 4096, 5951488
12157, 9099062, 1, 4096, 5955584
12166, 8969062, 1, 4096, 5959680
12174, 9099062, 1, 4096, 5963776
12182, 8969062, 1, 4096, 5967872
12191, 9099062, 1, 4096, 5971968
12199, 8969062, 1, 4096, 5976064
12208, 9099062, 1, 4096, 5980160
12216, 8969062, 1, 4096, 5984256
12224, 9099062, 1, 4096, 5988352
12232, 8969062, 1, 4096, 5992448
12241, 9099062, 1, 4096, 5996544
12249, 8969062, 1, 4096, 6000640
12257, 9099062, 1, 4096, 6004736
12266, 8969062, 1, 4096, 6008832
12274, 9099062, 1, 4096, 6012928
12283, 8969062, 1, 4096, 6017024
12291, 9099062, 1, 4096, 6021120
12300, 8969062, 1, 4096, 6025216
12308, 9099062, 1, 4096, 6029312
12316, 8969062, 1, 4096, 6033408
12324, 9099062, 1, 4096, 6037504
12333, 8969062, 1, 4096, 6041600
12341, 9099062, 1, 4096, 6045696
12350, 8969062, 1, 4096, 6049792
12358, 9099062, 1, 4096, 6053888
12366, 8969062, 1, 4096, 6057984
12375, 9099062, 1, 4096, 6062080
12383, 8969062, 1, 4096, 6066176
12391, 9099062, 1, 4096, 6070272
12400, 8969062, 1, 4096, 6074368
12408, 9099062, 1, 4096, 6078464
12416, 8969062, 1, 4096, 6082560
12425, 9099062, 1, 4096, 6086656
12433, 8969062, 1, 4096, 6090752
12441, 9099062, 1, 4096, 6094848
12450, 8969062, 1, 4096, 6098944
12458, 9099062, 1, 4096, 6103040
12466, 8969062, 1, 4096, 6107136
12475, 9099062, 1, 4096, 6111232
12483, 8969062, 1, 4096, 6115328
12491, 9099062, 1, 4096, 6119424
12500, 8969062, 1, 4096, 6123520
12508, 9099062, 1, 4096, 6127616
12517, 17938124, 1, 4096, 6131712
12525, 27297186, 1, 4096, 6135808
12533, 26907186, 1, 4096, 6139904
12541, 9099062, 1, 4096, 6144000
12550, 8969062, 1, 4096, 6148096
12558, 9099062, 1, 4096, 6152192
12567, 8969062, 1, 4096, 6156288
12575, 9099062, 1, 4096, 6160384
12583, 8969062, 1, 4096, 6164480
12592, 9099062, 1, 4096, 6168576
12600, 8969062, 1, 4096, 6172672
12608, 9099062, 1, 4096, 6176768
12617, 8969062, 1, 4096, 6180864
12625, 9099062, 1, 4096, 6184960
12633, 8969062, 1, 4096, 6189056
12642, 9099070, 1, 4096, 6193152
12650, 8969062, 1, 4096, 6197248
12659, 9099062, 1, 4096, 6201344
12667, 8969062, 1, 4096, 6205440
12675, 9099062, 1, 4096, 6209536
12683, 8969062, 1, 4096, 6213632
12692, 9099062, 1, 4096, 6217728
12701, 8969062, 1, 4096, 6221824
12709, 9099062, 1, 4096, 6225920
12717, 8969062, 1, 4096, 6230016
12726, 9099062, 1, 4096, 6234112
12734, 8969062, 1, 4096, 6238208
12742, 9099062, 1, 4096, 6242304
12751, 8969062, 1, 4096, 6246400
12759, 9099062, 1, 4096, 6250496
12767, 8969062, 1, 4096, 6254592
12775, 9099062, 1, 4096, 6258688
12784, 8969062, 1, 4096, 6262784
12792, 9099062, 1, 4096, 6266880
12801, 8969062, 1, 4096, 6270976
12809, 9099062, 1, 4096, 6275072
12817, 8969062, 1, 4096, 6279168
12826, 9099062, 1, 4096, 6283264
12834, 8969062, 1, 4096, 6287360
12842, 9099062, 1, 4096, 6291456
12851, 8969062, 1, 4096, 6295552
12859, 9099062, 1, 4096, 6299648
12867, 8969062, 1, 4096, 6303744
12876, 9099062, 1, 4096, 6307840
12884, 8969062, 1, 4096, 6311936
12893, 9099062, 1, 4096, 6316032
12901, 8969062, 1, 4096, 6320128
12909, 9099062, 1, 4096, 6324224
12918, 8969062, 1, 4096, 6328320
12926, 9099062, 1, 4096, 6332416
12935, 8969062, 1, 4096, 6336512
12943, 9099062, 1, 4096, 6340608
12951, 8969062, 1, 4096, 6344704
12960, 9099062, 1, 4096, 6348800
12968, 8969062, 1, 4096, 6352896
12976, 9099062, 1, 4096, 6356992
12985, 8969062, 1, 4096, 6361088
12993, 9099062, 1, 4096, 6365184
13001, 8969062, 1, 4096, 6369280
13009, 9099062, 1, 4096, 6373376
13018, 8969062, 1, 4096, 6377472
13026, 9099062, 1, 4096, 6381568
13034, 8969062, 1, 4096, 6385664
13043, 9099062, 1, 4096, 6389760
13051, 8969062, 1, 4096, 6393856
13059, 9099062, 1, 4096, 6397952
13068, 8969062, 1, 4096, 6402048
13077, 9099062, 1, 4096, 6406144
13084, 8969062, 1, 4096, 6410240
13093, 9099062, 1, 4096, 6414336
13101, 8969062, 1, 4096, 6418432
13110, 9099062, 1, 4096, 6422528
13118, 8969062, 1, 4096, 6426624
13126, 9099062, 1, 4096, 6430720
13135, 8969062, 1, 4096, 6434816
13143, 9099062, 1, 4096, 6438912
13151, 8969062, 1, 4096, 6443008
13160, 9099062, 1, 4096, 6447104
13168, 8969062, 1, 4096, 6451200
13176, 9099062, 1, 4096, 6455296
13185, 8969062, 1, 4096, 6459392
13193, 9099062, 1, 4096, 6463488
13201, 8969062, 1, 4096, 6467584
13210, 9099062, 1, 4096, 6471680
13219, 8969062, 1, 4096, 6475776
13227, 9099062, 1, 4096, 6479872
13235, 8969062, 1, 4096, 6483968
13243, 9099062, 1, 4096, 6488064
13252, 8969062, 1, 4096, 6492160
13260, 9099062, 1, 4096, 6496256
13269, 8969062, 1, 4096, 6500352
13277, 9099062, 1, 4096, 6504448
13285, 8969062, 1, 4096, 6508544
13293, 9099062, 1, 4096, 6512640
13302, 8969062, 1, 4096, 6516736
13310, 9099062, 1, 4096, 6520832
13318, 8969062, 1, 4096, 6524928
13327, 18198124, 1, 4096, 6529024
13335, 8969062, 1, 4096, 6533120
13344, 27297186, 1, 4096, 6537216
13352, 26907186, 1, 4096, 6541312
13360, 36396248, 1, 4096, 6545408
13369, 8969062, 1, 4096, 6549504
13377, 9099062, 1, 4096, 6553600
13386, 8969062, 1, 4096, 6557696
13394, 9099062, 1, 4096, 6561792
13402, 8969062, 1, 4096, 6565888
13410, 9099062, 1, 4096, 6569984
13419, 8969062, 1, 4096, 6574080
13427, 9099062, 1, 4096, 6578176
13435, 8969062, 1, 4096, 6582272
13444, 9099062, 1, 4096, 6586368
13452, 8969062, 1, 4096, 6590464
13460, 9099062, 1, 4096, 6594560
13469, 8969062, 1, 4096, 6598656
13477, 9099062, 1, 4096, 6602752
13486, 8969062, 1, 4096, 6606848
13494, 9099062, 1, 4096, 6610944
13503, 8969062, 1, 4096, 6615040
13511, 9099062, 1, 4096, 6619136
13519, 8969062, 1, 4096, 6623232
13527, 9099062, 1, 4096, 6627328
13536, 8969062, 1, 4096, 6631424
13544, 9099062, 1, 4096, 6635520
13553, 8969062, 1, 4096, 6639616
13561, 9099062, 1, 4096, 6643712
13569, 8969062, 1, 4096, 6647808
13577, 9099062, 1, 4096, 6651904
13586, 8969062, 1, 4096, 6656000
13594, 9099062, 1, 4096, 6660096
13603, 8969062, 1, 4096, 6664192
13611, 9099062, 1, 4096, 6668288
13620, 8969062, 1, 4096, 6672384
13628, 9099062, 1, 4096, 6676480
13636, 8969062, 1, 4096, 6680576
13644, 9099062, 1, 4096, 6684672
13653, 8969062, 1, 4096, 6688768
13661, 9099062, 1, 4096, 6692864
13669, 8969062, 1, 4096, 6696960
13678, 9099062, 1, 4096, 6701056
13686, 8969062, 1, 4096, 6705152
13694, 9099070, 1, 4096, 6709248
13703, 8969062, 1, 4096, 6713344
13711, 9099062, 1, 4096, 6717440
13720, 8969062, 1, 4096, 6721536
13728, 9099062, 1, 4096, 6725632
13736, 8969062, 1, 4096, 6729728
13745, 9099062, 1, 4096, 6733824
13753, 8969062, 1, 4096, 6737920
13761, 9099062, 1, 4096, 6742016
13770, 8969062, 1, 4096, 6746112
13778, 9099062, 1, 4096, 6750208
13787, 8969062, 1, 4096, 6754304
13795, 9099062, 1, 4096, 6758400
13803, 8969062, 1, 4096, 6762496
13811, 9099062, 1, 4096, 6766592
13820, 8969062, 1, 4096, 6770688
13828, 9099062, 1, 4096, 6774784
13836, 8969062, 1, 4096, 6778880
13845, 9099062, 1, 4096, 6782976
13853, 8969062, 1, 4096, 6787072
13861, 9099062, 1, 4096, 6791168
13870, 8969062, 1, 4096, 6795264
13879, 9099062, 1, 4096, 6799360
13887, 8969062, 1, 4096, 6803456
13895, 9099062, 1, 4096, 6807552
13903, 8969062, 1, 4096, 6811648
13912, 9099062, 1, 4096, 6815744
13920, 8969062, 1, 4096, 6819840
13929, 9099062, 1, 4096, 6823936
13937, 8969062, 1, 4096, 6828032
13945, 9099062, 1, 4096, 6832128
13953, 8969062, 1, 4096, 6836224
13962, 9099062, 1, 4096, 6840320
13970, 8969062, 1, 4096, 6844416
13978, 9099062, 1, 4096, 6848512
13987, 8969062, 1, 4096, 6852608
13995, 9099062, 1, 4096, 6856704
14004, 8969062, 1, 4096, 6860800
14012, 9099062, 1, 4096, 6864896
14021, 8969062, 1, 4096, 6868992
14029, 9099062, 1, 4096, 6873088
14037, 8969062, 1, 4096, 6877184
14045, 9099062, 1, 4096, 6881280
14054, 8969062, 1, 4096, 6885376
14062, 9099062, 1, 4096, 6889472
14071, 8969062, 1, 4096, 6893568
14079, 9099062, 1, 4096, 6897664
14087, 8969062, 1, 4096, 6901760
14095, 9099062, 1, 4096, 6905856
14104, 8969062, 1, 4096, 6909952
14112, 9099062, 1, 4096, 6914048
14121, 8969062, 1, 4096, 6918144
14129, 9099062, 1, 4096, 6922240
14138, 8969062, 1, 4096, 6926336
14146, 9099062, 1, 4096, 6930432
14154, 8969062, 1, 4096, 6934528
14162, 9099062, 1, 4096, 6938624
14171, 8969062, 1, 4096, 6942720
14179, 9099062, 1, 4096, 6946816
14188, 17938124, 1, 4096, 6950912
14196, 27297186, 1, 4096, 6955008
14204, 26907186, 1, 4096, 6959104
14212, 9099062, 1, 4096, 6963200
14221, 8969062, 1, 4096, 6967296
14229, 9099062, 1, 4096, 6971392
14237, 8969062, 1, 4096, 6975488
14246, 9099062, 1, 4096, 6979584
14254, 8969062, 1, 4096, 6983680
14262, 9099062, 1, 4096, 6987776
14271, 8969062, 1, 4096, 6991872
14279, 9099062, 1, 4096, 6995968
14288, 8969062, 1, 4096, 7000064
14296, 9099062, 1, 4096, 7004160
14305, 8969062, 1, 4096, 7008256
14313, 9099062, 1, 4096, 7012352
14321, 8969062, 1, 4096, 7016448
14329, 9099062, 1, 4096, 7020544
14338, 8969062, 1, 4096, 7024640
14346, 9099062, 1, 4096, 7028736
14354, 8969062, 1, 4096, 7032832
14363, 9099062, 1, 4096, 7036928
14371, 8969062, 1, 4096, 7041024
14380, 9099062, 1, 4096, 7045120
14388, 8969062, 1, 4096, 7049216
14396, 9099062, 1, 4096, 7053312
14405, 8969062, 1, 4096, 7057408
14413, 9099062, 1, 4096, 7061504
14421, 8969062, 1, 4096, 7065600
14430, 9099062, 1, 4096, 7069696
14438, 8969062, 1, 4096, 7073792
14446, 9099062, 1, 4096, 7077888
14455, 8969062, 1, 4096, 7081984
14463, 9099062, 1, 4096, 7086080
14472, 8969062, 1, 4096, 7090176
14480, 9099062, 1, 4096, 7094272
14488, 8969062, 1, 4096, 7098368
14496, 9099062, 1, 4096, 7102464
14505, 8969062, 1, 4096, 7106560
14514, 9099062, 1, 4096, 7110656
14522, 8969062, 1, 4096, 7114752
14530, 9099062, 1, 4096, 7118848
14539, 8969062, 1, 4096, 7122944
14547, 9099062, 1, 4096, 7127040
14555, 8969062, 1, 4096, 7131136
14563, 9099062, 1, 4096, 7135232
14572, 8969062, 1, 4096, 7139328
14580, 9099062, 1, 4096, 7143424
14588, 8969062, 1, 4096, 7147520
14597, 9099062, 1, 4096, 7151616
14605, 8969062, 1, 4096, 7155712
14613, 9099062, 1, 4096, 7159808
14622, 8969062, 1, 4096, 7163904
14630, 9099062, 1, 4096, 7168000
14638, 8969062, 1, 4096, 7172096
14647, 9099062, 1, 4096, 7176192
14656, 8969062, 1, 4096, 7180288
14664, 9099062, 1, 4096, 7184384
14672, 8969062, 1, 4096, 7188480
14680, 9099062, 1, 4096, 7192576
14689, 8969062, 1, 4096, 7196672
14697, 9099062, 1, 4096, 7200768
14706, 8969062, 1, 4096, 7204864
14714, 9099062, 1, 4096, 7208960
14722, 8969062, 1, 4096, 7213056
14730, 9099062, 1, 4096, 7217152
14756, 8969062, 1, 4096, 7221248
14764, 9099070, 1, 4096, 7225344
14772, 8969062, 1, 4096, 7229440
14781, 9099062, 1, 4096, 7233536
14789, 8969062, 1, 4096, 7237632
14797, 9099062, 1, 4096, 7241728
14806, 8969062, 1, 4096, 7245824
14814, 9099062, 1, 4096, 7249920
14823, 8969062, 1, 4096, 7254016
14831, 9099062, 1, 4096, 7258112
14839, 8969062, 1, 4096, 7262208
14847, 9099062, 1, 4096, 7266304
14856, 8969062, 1, 4096, 7270400
14864, 9099062, 1, 4096, 7274496
14872, 8969062, 1, 4096, 7278592
14881, 9099062, 1, 4096, 7282688
14889, 8969062, 1, 4096, 7286784
14890, 9099062, 1, 4096, 7290880
14898, 8969062, 1, 4096, 7294976
14906, 9099062, 1, 4096, 7299072
14915, 8969062, 1, 4096, 7303168
14923, 9099062, 1, 4096, 7307264
14932, 8969062, 1, 4096, 7311360
14940, 9099062, 1, 4096, 7315456
14948, 8969062, 1, 4096, 7319552
14956, 9099062, 1, 4096, 7323648
14965, 8969062, 1, 4096, 7327744
14973, 9099062, 1, 4096, 7331840
14982, 8969062, 1, 4096, 7335936
14990, 9099062, 1, 4096, 7340032
14999, 8969062, 1, 4096, 7344128
15007, 18198124, 1, 4096, 7348224
15015, 8969062, 1, 4096, 7352320
15023, 27297186, 1, 4096, 7356416
15032, 26907186, 1, 4096, 7360512
15040, 36396248, 1, 4096, 7364608
15048, 8969062, 1, 4096, 7368704
15057, 9099062, 1, 4096, 7372800
15065, 8969062, 1, 4096, 7376896
15073, 9099062, 1, 4096, 7380992
15082, 8969062, 1, 4096, 7385088
15090, 9099062, 1, 4096, 7389184
15099, 8969062, 1, 4096, 7393280
15107, 9099062, 1, 4096, 7397376
15115, 8969062, 1, 4096, 7401472
15124, 9099062, 1, 4096, 7405568
15132, 8969062, 1, 4096, 7409664
15140, 9099062, 1, 4096, 7413760
15149, 8969062, 1, 4096, 7417856
15157, 9099062, 1, 4096, 7421952
15165, 8969062, 1, 4096, 7426048
15174, 9099062, 1, 4096, 7430144
15182, 8969062, 1, 4096, 7434240
15191, 9099062, 1, 4096, 7438336
15199, 8969062, 1, 4096, 7442432
15207, 9099062, 1, 4096, 7446528
15215, 8969062, 1, 4096, 7450624
15224, 9099062, 1, 4096, 7454720
15232, 8969062, 1, 4096, 7458816
15241, 9099062, 1, 4096, 7462912
15249, 8969062, 1, 4096, 7467008
15257, 9099062, 1, 4096, 7471104
15266, 8969062, 1, 4096, 7475200
15274, 9099062, 1, 4096, 7479296
15283, 8969062, 1, 4096, 7483392
15291, 9099062, 1, 4096, 7487488
15299, 8969062, 1, 4096, 7491584
15307, 9099062, 1, 4096, 7495680
15316, 8969062, 1, 4096, 7499776
15324, 9099062, 1, 4096, 7503872
15333, 8969062, 1, 4096, 7507968
15341, 9099062, 1, 4096, 7512064
15349, 8969062, 1, 4096, 7516160
15357, 9099062, 1, 4096, 7520256
15366, 8969062, 1, 4096, 7524352
15375, 9099062, 1, 4096, 7528448
15383, 8969062, 1, 4096, 7532544
15391, 9099062, 1, 4096, 7536640
15399, 8969062, 1, 4096, 7540736
15408, 9099062, 1, 4096, 7544832
15416, 8969062, 1, 4096, 7548928
15424, 9099062, 1, 4096, 7553024
15433, 8969062, 1, 4096, 7557120
15441, 9099062, 1, 4096, 7561216
15449, 8969062, 1, 4096, 7565312
15458, 9099062, 1, 4096, 7569408
15466, 8969062, 1, 4096, 7573504
15474, 9099062, 1, 4096, 7577600
15483, 8969062, 1, 4096, 7581696
15492, 9099062, 1, 4096, 7585792
15500, 8969062, 1, 4096, 7589888
15508, 9099062, 1, 4096, 7593984
15517, 8969062, 1, 4096, 7598080
15525, 9099062, 1, 4096, 7602176
15533, 8969062, 1, 4096, 7606272
15541, 9099062, 1, 4096, 7610368
15550, 8969062, 1, 4096, 7614464
15558, 9099062, 1, 4096, 7618560
15567, 8969062, 1, 4096, 7622656
15575, 9099062, 1, 4096, 7626752
15583, 8969062, 1, 4096, 7630848
15591, 9099062, 1, 4096, 7634944
15600, 8969062, 1, 4096, 7639040
15608, 9099062, 1, 4096, 7643136
15616, 8969062, 1, 4096, 7647232
15625, 9099062, 1, 4096, 7651328
15633, 8969062, 1, 4096, 7655424
15642, 9099062, 1, 4096, 7659520
15650, 8969062, 1, 4096, 7663616
15658, 9099062, 1, 4096, 7667712
15667, 8969062, 1, 4096, 7671808
15675, 9099062, 1, 4096, 7675904
15684, 8969062, 1, 4096, 7680000
15692, 9099062, 1, 4096, 7684096
15700, 8969062, 1, 4096, 7688192
15708, 9099062, 1, 4096, 7692288
15717, 8969062, 1, 4096, 7696384
15725, 9099062, 1, 4096, 7700480
15733, 8969062, 1, 4096, 7704576
15742, 9099062, 1, 4096, 7708672
15750, 8969062, 1, 4096, 7712768
15759, 9099062, 1, 4096, 7716864
15767, 8969062, 1, 4096, 7720960
15775, 9099062, 1, 4096, 7725056
15784, 8969062, 1, 4096, 7729152
15792, 9099062, 1, 4096, 7733248
15801, 8969062, 1, 4096, 7737344
15809, 9099070, 1, 4096, 7741440
15817, 8969062, 1, 4096, 7745536
15825, 9099062, 1, 4096, 7749632
15834, 8969062, 1, 4096, 7753728
15842, 9099062, 1, 4096, 7757824
15850, 8969062, 1, 4096, 7761920
15859, 9099062, 1, 4096, 7766016
15867, 17938124, 1, 4096, 7770112
15876, 27297186, 1, 4096, 7774208
15884, 26907186, 1, 4096, 7778304
15892, 9099062, 1, 4096, 7782400
15901, 8969062, 1, 4096, 7786496
15909, 9099062, 1, 4096, 7790592
15918, 8969062, 1, 4096, 7794688
15926, 9099062, 1, 4096, 7798784
15934, 8969062, 1, 4096, 7802880
15942, 9099062, 1, 4096, 7806976
15951, 8969062, 1, 4096, 7811072
15959, 9099062, 1, 4096, 7815168
15968, 8969062, 1, 4096, 7819264
15976, 9099062, 1, 4096, 7823360
15984, 8969062, 1, 4096, 7827456
15992, 9099062, 1, 4096, 7831552
16001, 8969062, 1, 4096, 7835648
16009, 9099062, 1, 4096, 7839744
16018, 8969062, 1, 4096, 7843840
16026, 9099062, 1, 4096, 7847936
16034, 8969062, 1, 4096, 7852032
16043, 9099062, 1, 4096, 7856128
16051, 8969062, 1, 4096, 7860224
16060, 9099062, 1, 4096, 7864320
16068, 8969062, 1, 4096, 7868416
16076, 9099062, 1, 4096, 7872512
16085, 8969062, 1, 4096, 7876608
16093, 9099062, 1, 4096, 7880704
16101, 8969062, 1, 4096, 7884800
16109, 9099062, 1, 4096, 7888896
16118, 8969062, 1, 4096, 7892992
16126, 9099062, 1, 4096, 7897088
16135, 8969062, 1, 4096, 7901184
16143, 9099062, 1, 4096, 7905280
16151, 8969062, 1, 4096, 7909376
16160, 9099062, 1, 4096, 7913472
16168, 8969062, 1, 4096, 7917568
16176, 9099062, 1, 4096, 7921664
16185, 8969062, 1, 4096, 7925760
16193, 9099062, 1, 4096, 7929856
16202, 8969062, 1, 4096, 7933952
16210, 9099062, 1, 4096, 7938048
16218, 8969062, 1, 4096, 7942144
16227, 9099062, 1, 4096, 7946240
16235, 8969062, 1, 4096, 7950336
16243, 9099062, 1, 4096, 7954432
16252, 8969062, 1, 4096, 7958528
16260, 9099062, 1, 4096, 7962624
16268, 8969062, 1, 4096, 7966720
16277, 9099062, 1, 4096, 7970816
16285, 8969062, 1, 4096, 7974912
16293, 9099062, 1, 4096, 7979008
16302, 8969062, 1, 4096, 7983104
16310, 9099062, 1, 4096, 7987200
16318, 8969062, 1, 4096, 7991296
16327, 9099062, 1, 4096, 7995392
16335, 8969062, 1, 4096, 7999488
16344, 9099062, 1, 4096, 8003584
16352, 8969062, 1, 4096, 8007680
16360, 9099062, 1, 4096, 8011776
16369, 8969062, 1, 4096, 8015872
16377, 9099062, 1, 4096, 8019968
16385, 8969062, 1, 4096, 8024064
16393, 9099062, 1, 4096, 8028160
16402, 8969062, 1, 4096, 8032256
16410, 9099062, 1, 4096, 8036352
16419, 8969062, 1, 4096, 8040448
16427, 9099062, 1, 4096, 8044544
16435, 8969062, 1, 4096, 8048640
16444, 9099062, 1, 4096, 8052736
16452, 8969062, 1, 4096, 8056832
16460, 9099062, 1, 4096, 8060928
16469, 8969062, 1, 4096, 8065024
16477, 9099062, 1, 4096, 8069120
16485, 8969062, 1, 4096, 8073216
16494, 9099062, 1, 4096, 8077312
16502, 8969062, 1, 4096, 8081408
16511, 9099062, 1, 4096, 8085504
16519, 8969062, 1, 4096, 8089600
16527, 9099062, 1, 4096, 8093696
16535, 8969062, 1, 4096, 8097792
16544, 9099062, 1, 4096, 8101888
16552, 8969062, 1, 4096, 8105984
16561, 9099062, 1, 4096, 8110080
16569, 8969062, 1, 4096, 8114176
16578, 9099062, 1, 4096, 8118272
16586, 8969062, 1, 4096, 8122368
16594, 9099062, 1, 4096, 8126464
16603, 8969062, 1, 4096, 8130560
16611, 9099062, 1, 4096, 8134656
16619, 8969062, 1, 4096, 8138752
16627, 9099062, 1, 4096, 8142848
16636, 8969062, 1, 4096, 8146944
16644, 9099062, 1, 4096, 8151040
16652, 8969062, 1, 4096, 8155136
16661, 9099062, 1, 4096, 8159232
16669, 8969062, 1, 4096, 8163328
16677, 18198124, 1, 4096, 8167424
16686, 8969062, 1, 4096, 8171520
16695, 27297186, 1, 4096, 8175616
16703, 26907186, 1, 4096, 8179712
16711, 36396248, 1, 4096, 8183808
16719, 8969062, 1, 4096, 8187904
16728, 9099062, 1, 4096, 8192000
16736, 8969062, 1, 4096, 8196096
16745, 9099062, 1, 4096, 8200192
16753, 8969062, 1, 4096, 8204288
16761, 9099062, 1, 4096, 8208384
16769, 8969062, 1, 4096, 8212480
16778, 9099062, 1, 4096, 8216576
16786, 8969062, 1, 4096, 8220672
16794, 9099062, 1, 4096, 8224768
16803, 8969062, 1, 4096, 8228864
16811, 9099062, 1, 4096, 8232960
16819, 8969062, 1, 4096, 8237056
16828, 9099062, 1, 4096, 8241152
16836, 8969062, 1, 4096, 8245248
16845, 9099062, 1, 4096, 8249344
16853, 8969062, 1, 4096, 8253440
16861, 9099070, 1, 4096, 8257536
16870, 8969062, 1, 4096, 8261632
16879, 9099062, 1, 4096, 8265728
16886, 8969062, 1, 4096, 8269824
16895, 9099062, 1, 4096, 8273920
16903, 8969062, 1, 4096, 8278016
16912, 9099062, 1, 4096, 8282112
16920, 8969062, 1, 4096, 8286208
16928, 9099062, 1, 4096, 8290304
16937, 8969062, 1, 4096, 8294400
16945, 9099062, 1, 4096, 8298496
16954, 8969062, 1, 4096, 8302592
16962, 9099062, 1, 4096, 8306688
16970, 8969062, 1, 4096, 8310784
16978, 9099062, 1, 4096, 8314880
16987, 8969062, 1, 4096, 8318976
16995, 9099062, 1, 4096, 8323072
17004, 8969062, 1, 4096, 8327168
17012, 9099062, 1, 4096, 8331264
17020, 8969062, 1, 4096, 8335360
17028, 9099062, 1, 4096, 8339456
17037, 8969062, 1, 4096, 8343552
17045, 9099062, 1, 4096, 8347648
17054, 8969062, 1, 4096, 8351744
17062, 9099062, 1, 4096, 8355840
17071, 8969062, 1, 4096, 8359936
17079, 9099062, 1, 4096, 8364032
17087, 8969062, 1, 4096, 8368128
17095, 9099062, 1, 4096, 8372224
17104, 8969062, 1, 4096, 8376320
17112, 9099062, 1, 4096, 8380416
17121, 8969062, 1, 4096, 8384512
17129, 9099062, 1, 4096, 8388608
17137, 8969062, 1, 4096, 8392704
17146, 9099062, 1, 4096, 8396800
17154, 8969062, 1, 4096, 8400896
17162, 9099062, 1, 4096, 8404992
17170, 8969062, 1, 4096, 8409088
17179, 9099062, 1, 4096, 8413184
17187, 8969062, 1, 4096, 8417280
17195, 9099062, 1, 4096, 8421376
17204, 8969062, 1, 4096, 8425472
17212, 9099062, 1, 4096, 8429568
17221, 8969062, 1, 4096, 8433664
17229, 9099062, 1, 4096, 8437760
17237, 8969062, 1, 4096, 8441856
17246, 9099062, 1, 4096, 8445952
17254, 8969062, 1, 4096, 8450048
17262, 9099062, 1, 4096, 8454144
17271, 8969062, 1, 4096, 8458240
17279, 9099062, 1, 4096, 8462336
17287, 8969062, 1, 4096, 8466432
17296, 9099062, 1, 4096, 8470528
17304, 8969062, 1, 4096, 8474624
17312, 9099062, 1, 4096, 8478720
17321, 8969062, 1, 4096, 8482816
17329, 9099062, 1, 4096, 8486912
17338, 8969062, 1, 4096, 8491008
17346, 9099062, 1, 4096, 8495104
17354, 8969062, 1, 4096, 8499200
17363, 9099062, 1, 4096, 8503296
17371, 8969062, 1, 4096, 8507392
17380, 9099062, 1, 4096, 8511488
17388, 8969062, 1, 4096, 8515584
17396, 9099062, 1, 4096, 8519680
17405, 8969062, 1, 4096, 8523776
17413, 9099062, 1, 4096, 8527872
17421, 8969062, 1, 4096, 8531968
17429, 9099062, 1, 4096, 8536064
17438, 8969062, 1, 4096, 8540160
17446, 9099062, 1, 4096, 8544256
17454, 8969062, 1, 4096, 8548352
17463, 9099062, 1, 4096, 8552448
17472, 8969062, 1, 4096, 8556544
17480, 9099062, 1, 4096, 8560640
17488, 8969062, 1, 4096, 8564736
17496, 9099062, 1, 4096, 8568832
17505, 8969062, 1, 4096, 8572928
17513, 9099062, 1, 4096, 8577024
17522, 8969062, 1, 4096, 8581120
17530, 9099062, 1, 4096, 8585216
17538, 17938124, 1, 4096, 8589312
17547, 27297186, 1, 4096, 8593408
17555, 26907186, 1, 4096, 8597504
17563, 9099062, 1, 4096, 8601600
17572, 8969062, 1, 4096, 8605696
17580, 9099062, 1, 4096, 8609792
17588, 8969062, 1, 4096, 8613888
17597, 9099062, 1, 4096, 8617984
17605, 8969062, 1, 4096, 8622080
17614, 9099062, 1, 4096, 8626176
17622, 8969062, 1, 4096, 8630272
17630, 9099062, 1, 4096, 8634368
17638, 8969062, 1, 4096, 8638464
17647, 9099062, 1, 4096, 8642560
17655, 8969062, 1, 4096, 8646656
17663, 9099062, 1, 4096, 8650752
17672, 8969062, 1, 4096, 8654848
17680, 9099062, 1, 4096, 8658944
17689, 8969062, 1, 4096, 8663040
17697, 9099062, 1, 4096, 8667136
17705, 8969062, 1, 4096, 8671232
17713, 9099062, 1, 4096, 8675328
17722, 8969062, 1, 4096, 8679424
17730, 9099062, 1, 4096, 8683520
17739, 8969062, 1, 4096, 8687616
17747, 9099062, 1, 4096, 8691712
17755, 8969062, 1, 4096, 8695808
17764, 9099062, 1, 4096, 8699904
17772, 8969062, 1, 4096, 8704000
17781, 9099062, 1, 4096, 8708096
17789, 8969062, 1, 4096, 8712192
17797, 9099062, 1, 4096, 8716288
17805, 8969062, 1, 4096, 8720384
17814, 9099062, 1, 4096, 8724480
17822, 8969062, 1, 4096, 8728576
17831, 9099062, 1, 4096, 8732672
17839, 8969062, 1, 4096, 8736768
17847, 9099062, 1, 4096, 8740864
17855, 8969062, 1, 4096, 8744960
17864, 9099062, 1, 4096, 8749056
17873, 8969062, 1, 4096, 8753152
17881, 9099062, 1, 4096, 8757248
17889, 8969062, 1, 4096, 8761344
17897, 9099062, 1, 4096, 8765440
17906, 8969062, 1, 4096, 8769536
17914, 9099070, 1, 4096, 8773632
17923, 8969062, 1, 4096, 8777728
17931, 9099062, 1, 4096, 8781824
17939, 8969062, 1, 4096, 8785920
17948, 9099062, 1, 4096, 8790016
17956, 8969062, 1, 4096, 8794112
17964, 9099062, 1, 4096, 8798208
17973, 8969062, 1, 4096, 8802304
17981, 9099062, 1, 4096, 8806400
17989, 8969062, 1, 4096, 8810496
17998, 9099062, 1, 4096, 8814592
18006, 8969062, 1, 4096, 8818688
18014, 9099062, 1, 4096, 8822784
18023, 8969062, 1, 4096, 8826880
18031, 9099062, 1, 4096, 8830976
18039, 8969062, 1, 4096, 8835072
18048, 9099062, 1, 4096, 8839168
18056, 8969062, 1, 4096, 8843264
18064, 9099062, 1, 4096, 8847360
18073, 8969062, 1, 4096, 8851456
18081, 9099062, 1, 4096, 8855552
18089, 8969062, 1, 4096, 8859648
18098, 9099062, 1, 4096, 8863744
18106, 8969062, 1, 4096, 8867840
18115, 9099062, 1, 4096, 8871936
18123, 8969062, 1, 4096, 8876032
18132, 9099062, 1, 4096, 8880128
18140, 8969062, 1, 4096, 8884224
18148, 9099062, 1, 4096, 8888320
18157, 8969062, 1, 4096, 8892416
18165, 9099062, 1, 4096, 8896512
18173, 8969062, 1, 4096, 8900608
18181, 9099062, 1, 4096, 8904704
18190, 8969062, 1, 4096, 8908800
18198, 9099062, 1, 4096, 8912896
18206, 8969062, 1, 4096, 8916992
18215, 9099062, 1, 4096, 8921088
18223, 8969062, 1, 4096, 8925184
18232, 9099062, 1, 4096, 8929280
18240, 8969062, 1, 4096, 8933376
18248, 9099062, 1, 4096, 8937472
18257, 8969062, 1, 4096, 8941568
18265, 9099062, 1, 4096, 8945664
18273, 8969062, 1, 4096, 8949760
18282, 9099062, 1, 4096, 8953856
18290, 8969062, 1, 4096, 8957952
18298, 9099062, 1, 4096, 8962048
18307, 8969062, 1, 4096, 8966144
18315, 9099062, 1, 4096, 8970240
18324, 8969062, 1, 4096, 8974336
18332, 9099062, 1, 4096, 8978432
18340, 8969062, 1, 4096, 8982528
18349, 18198124, 1, 4096, 8986624
18357, 8969062, 1, 4096, 8990720
18365, 27297186, 1, 4096, 8994816
18374, 26907186, 1, 4096, 8998912
18382, 36396248, 1, 4096, 9003008
18390, 8969062, 1, 4096, 9007104
18399, 9099062, 1, 4096, 9011200
18407, 8969062, 1, 4096, 9015296
18416, 9099062, 1, 4096, 9019392
18424, 8969062, 1, 4096, 9023488
18432, 9099062, 1, 4096, 9027584
18440, 8969062, 1, 4096, 9031680
18449, 9099062, 1, 4096, 9035776
18457, 8969062, 1, 4096, 9039872
18465, 9099062, 1, 4096, 9043968
18474, 8969062, 1, 4096, 9048064
18482, 9099062, 1, 4096, 9052160
18491, 8969062, 1, 4096, 9056256
18499, 9099062, 1, 4096, 9060352
18507, 8969062, 1, 4096, 9064448
18516, 9099062, 1, 4096, 9068544
18524, 8969062, 1, 4096, 9072640
18532, 9099062, 1, 4096, 9076736
18541, 8969062, 1, 4096, 9080832
18549, 9099062, 1, 4096, 9084928
18558, 8969062, 1, 4096, 9089024
18566, 9099062, 1, 4096, 9093120
18574, 8969062, 1, 4096, 9097216
18583, 9099062, 1, 4096, 9101312
18591, 8969062, 1, 4096, 9105408
18599, 9099062, 1, 4096, 9109504
18600, 8969062, 1, 4096, 9113600
18608, 9099062, 1, 4096, 9117696
18616, 8969062, 1, 4096, 9121792
18625, 9099062, 1, 4096, 9125888
18633, 8969062, 1, 4096, 9129984
18642, 9099062, 1, 4096, 9134080
18650, 8969062, 1, 4096, 9138176
18658, 9099062, 1, 4096, 9142272
18666, 8969062, 1, 4096, 9146368
18675, 9099062, 1, 4096, 9150464
18683, 8969062, 1, 4096, 9154560
18692, 9099062, 1, 4096, 9158656
18700, 8969062, 1, 4096, 9162752
18708, 9099062, 1, 4096, 9166848
18717, 8969062, 1, 4096, 9170944
18725, 9099062, 1, 4096, 9175040
18733, 8969062, 1, 4096, 9179136
18742, 9099062, 1, 4096, 9183232
18750, 8969062, 1, 4096, 9187328
18759, 9099062, 1, 4096, 9191424
18767, 8969062, 1, 4096, 9195520
18775, 9099062, 1, 4096, 9199616
18784, 8969062, 1, 4096, 9203712
18792, 9099062, 1, 4096, 9207808
18800, 8969062, 1, 4096, 9211904
18809, 9099062, 1, 4096, 9216000
18817, 8969062, 1, 4096, 9220096
18826, 9099062, 1, 4096, 9224192
18834, 8969062, 1, 4096, 9228288
18842, 9099062, 1, 4096, 9232384
18850, 8969062, 1, 4096, 9236480
18859, 9099062, 1, 4096, 9240576
18867, 8969062, 1, 4096, 9244672
18876, 9099062, 1, 4096, 9248768
18884, 8969062, 1, 4096, 9252864
18892, 9099062, 1, 4096, 9256960
18900, 8969062, 1, 4096, 9261056
18909, 9099062, 1, 4096, 9265152
18917, 8969062, 1, 4096, 9269248
18926, 9099062, 1, 4096, 9273344
18934, 8969062, 1, 4096, 9277440
18942, 9099062, 1, 4096, 9281536
18951, 8969062, 1, 4096, 9285632
18959, 9099070, 1, 4096, 9289728
18968, 8969062, 1, 4096, 9293824
18976, 9099062, 1, 4096, 9297920
18984, 8969062, 1, 4096, 9302016
18993, 9099062, 1, 4096, 9306112
19001, 8969062, 1, 4096, 9310208
19009, 9099062, 1, 4096, 9314304
19017, 8969062, 1, 4096, 9318400
19026, 9099062, 1, 4096, 9322496
19034, 8969062, 1, 4096, 9326592
19043, 9099062, 1, 4096, 9330688
19051, 8969062, 1, 4096, 9334784
19059, 9099062, 1, 4096, 9338880
19067, 8969062, 1, 4096, 9342976
19076, 9099062, 1, 4096, 9347072
19084, 8969062, 1, 4096, 9351168
19093, 9099062, 1, 4096, 9355264
19101, 8969062, 1, 4096, 9359360
19109, 9099062, 1, 4096, 9363456
19118, 8969062, 1, 4096, 9367552
19126, 9099062, 1, 4096, 9371648
19135, 8969062, 1, 4096, 9375744
19143, 9099062, 1, 4096, 9379840
19151, 8969062, 1, 4096, 9383936
19159, 9099062, 1, 4096, 9388032
19168, 8969062, 1, 4096, 9392128
19176, 9099062, 1, 4096, 9396224
19184, 8969062, 1, 4096, 9400320
19193, 9099062, 1, 4096, 9404416
19201, 17938124, 1, 4096, 9408512
19209, 27297186, 1, 4096, 9412608
19218, 26907186, 1, 4096, 9416704
19226, 9099062, 1, 4096, 9420800
19235, 8969062, 1, 4096, 9424896
19243, 9099062, 1, 4096, 9428992
19251, 8969062, 1, 4096, 9433088
19260, 9099062, 1, 4096, 9437184
19268, 8969062, 1, 4096, 9441280
19277, 9099062, 1, 4096, 9445376
19285, 8969062, 1, 4096, 9449472
19293, 9099062, 1, 4096, 9453568
19301, 8969062, 1, 4096, 9457664
19310, 9099062, 1, 4096, 9461760
19318, 8969062, 1, 4096, 9465856
19327, 9099062, 1, 4096, 9469952
19335, 8969062, 1, 4096, 9474048
19343, 9099062, 1, 4096, 9478144
19352, 8969062, 1, 4096, 9482240
19360, 9099062, 1, 4096, 9486336
19369, 8969062, 1, 4096, 9490432
19377, 9099062, 1, 4096, 9494528
19385, 8969062, 1, 4096, 9498624
19394, 9099062, 1, 4096, 9502720
19402, 8969062, 1, 4096, 9506816
19410, 9099062, 1, 4096, 9510912
19419, 8969062, 1, 4096, 9515008
19427, 9099062, 1, 4096, 9519104
19435, 8969062, 1, 4096, 9523200
19443, 9099062, 1, 4096, 9527296
19452, 8969062, 1, 4096, 9531392
19460, 9099062, 1, 4096, 9535488
19469, 8969062, 1, 4096, 9539584
19477, 9099062, 1, 4096, 9543680
19485, 8969062, 1, 4096, 9547776
19494, 9099062, 1, 4096, 9551872
19502, 8969062, 1, 4096, 9555968
19511, 9099062, 1, 4096, 9560064
19519, 8969062, 1, 4096, 9564160
19527, 9099062, 1, 4096, 9568256
19535, 8969062, 1, 4096, 9572352
19544, 9099062, 1, 4096, 9576448
19552, 8969062, 1, 4096, 9580544
19561, 9099062, 1, 4096, 9584640
19569, 8969062, 1, 4096, 9588736
19577, 9099062, 1, 4096, 9592832
19585, 8969062, 1, 4096, 9596928
19594, 9099062, 1, 4096, 9601024
19602, 8969062, 1, 4096, 9605120
19611, 9099062, 1, 4096, 9609216
19619, 8969062, 1, 4096, 9613312
19627, 9099062, 1, 4096, 9617408
19636, 8969062, 1, 4096, 9621504
19644, 9099062, 1, 4096, 9625600
19652, 8969062, 1, 4096, 9629696
19661, 9099062, 1, 4096, 9633792
19669, 8969062, 1, 4096, 9637888
19677, 9099062, 1, 4096, 9641984
19686, 8969062, 1, 4096, 9646080
19694, 9099062, 1, 4096, 9650176
19702, 8969062, 1, 4096, 9654272
19711, 9099062, 1, 4096, 9658368
19719, 8969062, 1, 4096, 9662464
19728, 9099062, 1, 4096, 9666560
19736, 8969062, 1, 4096, 9670656
19744, 9099062, 1, 4096, 9674752
19753, 8969062, 1, 4096, 9678848
19761, 9099062, 1, 4096, 9682944
19769, 8969062, 1, 4096, 9687040
19778, 9099062, 1, 4096, 9691136
19786, 8969062, 1, 4096, 9695232
19795, 9099062, 1, 4096, 9699328
19803, 8969062, 1, 4096, 9703424
19811, 9099062, 1, 4096, 9707520
19820, 8969062, 1, 4096, 9711616
19828, 9099062, 1, 4096, 9715712
19836, 8969062, 1, 4096, 9719808
19844, 9099062, 1, 4096, 9723904
19853, 8969062, 1, 4096, 9728000
19861, 9099062, 1, 4096, 9732096
19870, 8969062, 1, 4096, 9736192
19878, 9099062, 1, 4096, 9740288
19886, 8969062, 1, 4096, 9744384
19895, 9099062, 1, 4096, 9748480
19903, 8969062, 1, 4096, 9752576
19912, 9099062, 1, 4096, 9756672
19920, 8969062, 1, 4096, 9760768
19928, 9099062, 1, 4096, 9764864
19937, 8969062, 1, 4096, 9768960
19945, 9099062, 1, 4096, 9773056
19953, 8969062, 1, 4096, 9777152
19961, 9099062, 1, 4096, 9781248
19970, 8969062, 1, 4096, 9785344
19978, 9099062, 1, 4096, 9789440
19986, 8969062, 1, 4096, 9793536
19995, 9099062, 1, 4096, 9797632
20004, 8969062, 1, 4096, 9801728
20012, 18198140, 1, 4096, 9805824
20020, 8969062, 1, 4096, 9809920
20029, 27297186, 1, 4096, 9814016
20037, 26907186, 1, 4096, 9818112
20045, 36396248, 1, 4096, 9822208
20053, 8969062, 1, 4096, 9826304
20062, 9099062, 1, 4096, 9830400
20070, 8969062, 1, 4096, 9834496
20079, 9099062, 1, 4096, 9838592
20087, 8969062, 1, 4096, 9842688
20095, 9099062, 1, 4096, 9846784
20103, 8969062, 1, 4096, 9850880
20112, 9099062, 1, 4096, 9854976
20120, 8969062, 1, 4096, 9859072
20128, 9099062, 1, 4096, 9863168
20137, 8969062, 1, 4096, 9867264
20146, 9099062, 1, 4096, 9871360
20154, 8969062, 1, 4096, 9875456
20162, 9099062, 1, 4096, 9879552
20171, 8969062, 1, 4096, 9883648
20179, 9099062, 1, 4096, 9887744
20187, 8969062, 1, 4096, 9891840
20196, 9099062, 1, 4096, 9895936
20204, 8969062, 1, 4096, 9900032
20212, 9099062, 1, 4096, 9904128
20221, 8969062, 1, 4096, 9908224
20229, 9099062, 1, 4096, 9912320
20237, 8969062, 1, 4096, 9916416
20246, 9099062, 1, 4096, 9920512
20254, 8969062, 1, 4096, 9924608
20262, 9099062, 1, 4096, 9928704
20271, 8969062, 1, 4096, 9932800
20279, 9099062, 1, 4096, 9936896
20287, 8969062, 1, 4096, 9940992
20296, 9099062, 1, 4096, 9945088
20304, 8969062, 1, 4096, 9949184
20312, 9099062, 1, 4096, 9953280
20321, 8969062, 1, 4096, 9957376
20329, 9099062, 1, 4096, 9961472
20337, 8969062, 1, 4096, 9965568
20346, 9099062, 1, 4096, 9969664
20354, 8969062, 1, 4096, 9973760
20363, 9099062, 1, 4096, 9977856
20371, 8969062, 1, 4096, 9981952
20379, 9099062, 1, 4096, 9986048
20387, 8969062, 1, 4096, 9990144
20396, 9099062, 1, 4096, 9994240
20404, 8969062, 1, 4096, 9998336
20413, 9099062, 1, 4096, 10002432
20421, 8969062, 1, 4096, 10006528
20429, 9099062, 1, 4096, 10010624
20438, 8969062, 1, 4096, 10014720
20446, 9099062, 1, 4096, 10018816
20454, 8969062, 1, 4096, 10022912
20463, 9099062, 1, 4096, 10027008
20471, 8969062, 1, 4096, 10031104
20479, 9099062, 1, 4096, 10035200
20488, 8969062, 1, 4096, 10039296
20496, 9099062, 1, 4096, 10043392
20505, 8969062, 1, 4096, 10047488
20513, 9099062, 1, 4096, 10051584
20521, 8969062, 1, 4096, 10055680
20530, 9099062, 1, 4096, 10059776
20538, 8969062, 1, 4096, 10063872
20547, 9099062, 1, 4096, 10067968
20555, 8969062, 1, 4096, 10072064
20563, 9099062, 1, 4096, 10076160
20572, 8969062, 1, 4096, 10080256
20580, 9099062, 1, 4096, 10084352
20588, 8969062, 1, 4096, 10088448
20597, 9099062, 1, 4096, 10092544
20605, 8969062, 1, 4096, 10096640
20613, 9099062, 1, 4096, 10100736
20621, 8969062, 1, 4096, 10104832
20630, 9099062, 1, 4096, 10108928
20638, 8969062, 1, 4096, 10113024
20647, 9099062, 1, 4096, 10117120
20655, 8969062, 1, 4096, 10121216
20663, 9099062, 1, 4096, 10125312
20672, 8969062, 1, 4096, 10129408
20680, 9099062, 1, 4096, 10133504
20689, 8969062, 1, 4096, 10137600
20697, 9099062, 1, 4096, 10141696
20705, 8969062, 1, 4096, 10145792
20713, 9099062, 1, 4096, 10149888
20722, 8969062, 1, 4096, 10153984
20730, 9099062, 1, 4096, 10158080
20738, 8969062, 1, 4096, 10162176
20747, 9099062, 1, 4096, 10166272
20755, 8969062, 1, 4096, 10170368
20764, 9099062, 1, 4096, 10174464
20772, 8969062, 1, 4096, 10178560
20781, 9099062, 1, 4096, 10182656
20789, 8969062, 1, 4096, 10186752
20797, 9099062, 1, 4096, 10190848
20805, 8969062, 1, 4096, 10194944
20814, 9099062, 1, 4096, 10199040
20822, 8969062, 1, 4096, 10203136
20831, 9099062, 1, 4096, 10207232
20839, 8969062, 1, 4096, 10211328
20847, 9099062, 1, 4096, 10215424
20855, 8969062, 1, 4096, 10219520
20864, 9099062, 1, 4096, 10223616
20872, 17938124, 1, 4096, 10227712
20881, 27297186, 1, 4096, 10231808
20889, 26907186, 1, 4096, 10235904
20897, 9099062, 1, 4096, 10240000
20905, 8969062, 1, 4096, 10244096
20914, 9099062, 1, 4096, 10248192
20922, 8969062, 1, 4096, 10252288
20931, 9099062, 1, 4096, 10256384
20939, 8969062, 1, 4096, 10260480
20947, 9099062, 1, 4096, 10264576
20956, 8969062, 1, 4096, 10268672
20964, 9099062, 1, 4096, 10272768
20972, 8969062, 1, 4096, 10276864
20981, 9099062, 1, 4096, 10280960
20989, 8969062, 1, 4096, 10285056
20998, 9099062, 1, 4096, 10289152
21006, 8969062, 1, 4096, 10293248
21014, 9099062, 1, 4096, 10297344
21023, 8969062, 1, 4096, 10301440
21031, 9099062, 1, 4096, 10305536
21039, 8969062, 1, 4096, 10309632
21047, 9099062, 1, 4096, 10313728
21056, 8969062, 1, 4096, 10317824
21064, 9099070, 1, 4096, 10321920
21073, 8969062, 1, 4096, 10326016
21081, 9099062, 1, 4096, 10330112
21089, 8969062, 1, 4096, 10334208
21098, 9099062, 1, 4096, 10338304
21106, 8969062, 1, 4096, 10342400
21114, 9099062, 1, 4096, 10346496
21123, 8969062, 1, 4096, 10350592
21131, 9099062, 1, 4096, 10354688
21140, 8969062, 1, 4096, 10358784
21148, 9099062, 1, 4096, 10362880
21156, 8969062, 1, 4096, 10366976
21165, 9099062, 1, 4096, 10371072
21173, 8969062, 1, 4096, 10375168
21182, 9099062, 1, 4096, 10379264
21190, 8969062, 1, 4096, 10383360
21198, 9099062, 1, 4096, 10387456
21206, 8969062, 1, 4096, 10391552
21215, 9099062, 1, 4096, 10395648
21223, 8969062, 1, 4096, 10399744
21232, 9099062, 1, 4096, 10403840
21240, 8969062, 1, 4096, 10407936
21248, 9099062, 1, 4096, 10412032
21256, 8969062, 1, 4096, 10416128
21265, 9099062, 1, 4096, 10420224
21273, 8969062, 1, 4096, 10424320
21282, 9099062, 1, 4096, 10428416
21290, 8969062, 1, 4096, 10432512
21298, 9099062, 1, 4096, 10436608
21307, 8969062, 1, 4096, 10440704
21315, 9099062, 1, 4096, 10444800
21324, 8969062, 1, 4096, 10448896
21332, 9099062, 1, 4096, 10452992
21340, 8969062, 1, 4096, 10457088
21348, 9099062, 1, 4096, 10461184
21357, 8969062, 1, 4096, 10465280
21365, 9099062, 1, 4096, 10469376
21373, 8969062, 1, 4096, 10473472
21382, 9099062, 1, 4096, 10477568
21390, 8969062, 1, 4096, 10481664
