17, 4679206, 1, 4096, 9519104
19, 9359174, 1, 4096, 2322432
38, 12999126, 1, 4096, 6705152
43, 2469118, 1, 4096, 9904128
47, 10529110, 1, 4096, 6905856
55, 7669094, 1, 4096, 4763648
62, 9099094, 1, 4096, 2707456
71, 5849118, 1, 4096, 6635520
77, 5459086, 1, 4096, 7962624
86, 9619118, 1, 4096, 4395008
94, 7799150, 1, 4096, 9998336
96, 10139174, 1, 4096, 2842624
102, 12609078, 1, 4096, 4108288
111, 1689110, 1, 4096, 552960
117, 7539198, 1, 4096, 9752576
123, 9359134, 1, 4096, 5128192
127, 7149110, 1, 4096, 8114176
136, 9879062, 1, 4096, 8171520
146, 6369174, 1, 4096, 782336
150, 12479134, 1, 4096, 5644288
154, 4939110, 1, 4096, 8491008
160, 12219102, 1, 4096, 6115328
164, 5979078, 1, 4096, 6955008
168, 5849166, 1, 4096, 53248
175, 2599118, 1, 4096, 3776512
182, 4029142, 1, 4096, 9146368
191, 5719086, 1, 4096, 7389184
195, 8319078, 1, 4096, 8380416
202, 3379086, 1, 4096, 10092544
208, 11439134, 1, 4096, 5603328
218, 4419142, 1, 4096, 155648
229, 10399070, 1, 4096, 761856
236, 9229174, 1, 4096, 8007680
258, 7149070, 1, 4096, 7372800
260, 10529102, 1, 4096, 10055680
270, 12349062, 1, 4096, 10264576
274, 3509102, 1, 4096, 7344128
284, 10009086, 1, 4096, 5861376
290, 11699134, 1, 4096, 1388544
296, 7929086, 1, 4096, 2867200
303, 8319086, 1, 4096, 4378624
305, 7929102, 1, 4096, 6893568
312, 9489158, 1, 4096, 733184
323, 7929070, 1, 4096, 1183744
329, 8319086, 1, 4096, 2686976
336, 6109142, 1, 4096, 8183808
342, 8319158, 1, 4096, 1949696
349, 7409086, 1, 4096, 3399680
358, 12089062, 1, 4096, 3600384
367, 5719086, 1, 4096, 1847296
373, 10139070, 1, 4096, 1400832
382, 10009094, 1, 4096, 3530752
386, 4419078, 1, 4096, 4280320
389, 7279134, 1, 4096, 8818688
398, 4159094, 1, 4096, 6967296
404, 9489158, 1, 4096, 802816
409, 10919110, 1, 4096, 4022272
416, 10399142, 1, 4096, 9273344
422, 7409070, 1, 4096, 8658944
427, 4159086, 1, 4096, 9908224
429, 9619070, 1, 4096, 10461184
440, 4679206, 1, 4096, 1417216
446, 4289206, 1, 4096, 10412032
454, 9359094, 1, 4096, 8372224
459, 6759078, 1, 4096, 7720960
467, 6759150, 1, 4096, 1900544
469, 4549102, 1, 4096, 4202496
472, 2989102, 1, 4096, 6926336
482, 11049094, 1, 4096, 9117696
488, 9619070, 1, 4096, 8646656
491, 10269142, 1, 4096, 3567616
497, 5589086, 1, 4096, 4898816
505, 12869118, 1, 4096, 8761344
514, 3119174, 1, 4096, 1167360
517, 5459190, 1, 4096, 9719808
523, 7409190, 1, 4096, 1363968
531, 8319062, 1, 4096, 1318912
534, 12479190, 1, 4096, 9797632
540, 6499070, 1, 4096, 9129984
545, 10269166, 1, 4096, 2502656
553, 4939062, 1, 4096, 2244608
562, 5979150, 1, 4096, 8253440
570, 8579094, 1, 4096, 10293248
578, 7149062, 1, 4096, 10174464
584, 6499158, 1, 4096, 3829760
587, 9489070, 1, 4096, 4374528
592, 8839070, 1, 4096, 3850240
597, 5719102, 1, 4096, 1064960
607, 7279182, 1, 4096, 9216000
614, 3769150, 1, 4096, 3211264
621, 7539118, 1, 4096, 6733824
626, 9489078, 1, 4096, 7798784
631, 6499078, 1, 4096, 7131136
638, 9749086, 1, 4096, 8724480
642, 4159078, 1, 4096, 9453568
652, 8969070, 1, 4096, 9969664
660, 11049126, 1, 4096, 5976064
668, 10658188, 1, 4096, 7811072
676, 24567546, 1, 4096, 20480
679, 24957378, 1, 4096, 4624384
685, 8449070, 1, 4096, 4075520
689, 2469142, 1, 4096, 8826880
698, 8449118, 1, 4096, 5177344
725, 2989126, 1, 4096, 9445376
735, 7929070, 1, 4096, 9900032
740, 5589110, 1, 4096, 7106560
742, 8189102, 1, 4096, 9633792
751, 4029206, 1, 4096, 36864
758, 4549174, 1, 4096, 7499776
767, 5979086, 1, 4096, 5763072
772, 8709134, 1, 4096, 1101824
779, 7279078, 1, 4096, 2543616
789, 6369070, 1, 4096, 2895872
792, 4289110, 1, 4096, 5693440
798, 3249110, 1, 4096, 8949760
807, 5069094, 1, 4096, 7155712
817, 6499142, 1, 4096, 1835008
825, 4939094, 1, 4096, 3645440
828, 5459158, 1, 4096, 10137600
834, 10789070, 1, 4096, 9732096
843, 5069118, 1, 4096, 5873664
853, 5199094, 1, 4096, 8220672
857, 5979102, 1, 4096, 5451776
862, 10009078, 1, 4096, 4485120
870, 6629062, 1, 4096, 4333568
878, 7279094, 1, 4096, 6291456
888, 4419094, 1, 4096, 8589312
896, 6239094, 1, 4096, 10481664
902, 10659070, 1, 4096, 10072064
907, 11179078, 1, 4096, 9175040
917, 7929086, 1, 4096, 7565312
921, 9619078, 1, 4096, 6574080
926, 5069070, 1, 4096, 5808128
932, 6629078, 1, 4096, 7208960
941, 1039142, 1, 4096, 1552384
950, 6759118, 1, 4096, 5541888
953, 8189110, 1, 4096, 2396160
964, 11309158, 1, 4096, 8736768
970, 8449070, 1, 4096, 8187904
981, 4029078, 1, 4096, 6840320
989, 5719126, 1, 4096, 3022848
997, 9879094, 1, 4096, 1019904
1007, 9099158, 1, 4096, 7221248
1015, 4419094, 1, 4096, 8998912
1020, 6109190, 1, 4096, 557056
1027, 3899070, 1, 4096, 237568
1036, 7669126, 1, 4096, 4288512
1047, 11179126, 1, 4096, 8556544
1054, 5329062, 1, 4096, 8323072
1063, 5589094, 1, 4096, 6565888
1074, 9879142, 1, 4096, 1458176
1081, 4419150, 1, 4096, 6848512
1090, 7409086, 1, 4096, 5206016
1097, 6499110, 1, 4096, 8663040
1101, 4029102, 1, 4096, 5771264
1111, 2729126, 1, 4096, 10018816
1117, 8839070, 1, 4096, 9498624
1126, 6759086, 1, 4096, 7806976
1136, 4159094, 1, 4096, 10084352
1146, 10789206, 1, 4096, 913408
1149, 10139190, 1, 4096, 9240576
1154, 2859190, 1, 4096, 602112
1157, 4939158, 1, 4096, 7057408
1162, 4419158, 1, 4096, 573440
1165, 5459158, 1, 4096, 7061504
1173, 7019062, 1, 4096, 6942720
1179, 5459118, 1, 4096, 10334208
1185, 2339222, 1, 4096, 106496
1188, 10399102, 1, 4096, 2781184
1194, 11049102, 1, 4096, 331776
1199, 5069086, 1, 4096, 1634304
1203, 3249102, 1, 4096, 4370432
1205, 5849110, 1, 4096, 1073152
1228, 10009110, 1, 4096, 4235264
1235, 5979142, 1, 4096, 9728000
1244, 7539086, 1, 4096, 8085504
1252, 8579062, 1, 4096, 8060928
1262, 9359118, 1, 4096, 4476928
1271, 8969094, 1, 4096, 6541312
1280, 5849086, 1, 4096, 4796416
1285, 4939078, 1, 4096, 6090752
1290, 8189078, 1, 4096, 7069696
1293, 8969110, 1, 4096, 3977216
1297, 3379110, 1, 4096, 6721536
1305, 5589158, 1, 4096, 831488
1314, 5589190, 1, 4096, 8876032
1321, 6369102, 1, 4096, 6643712
1325, 6889078, 1, 4096, 7544832
1327, 11829118, 1, 4096, 4112384
1333, 3119118, 1, 4096, 7360512
1337, 5719142, 1, 4096, 2510848
1343, 4679150, 1, 4096, 7917568
1351, 12089126, 1, 4096, 3985408
1361, 6239118, 1, 4096, 200704
1371, 24438252, 1, 4096, 4534272
1373, 7929102, 1, 4096, 7049216
1383, 22227210, 1, 4096, 7462912
1392, 35097450, 1, 4096, 1957888
1399, 29116344, 1, 4096, 3403776
1407, 4419086, 1, 4096, 1564672
1416, 9489062, 1, 4096, 1597440
1419, 7669126, 1, 4096, 6160384
1424, 7799134, 1, 4096, 1441792
1427, 5719198, 1, 4096, 10014720
1432, 7409102, 1, 4096, 7331840
1437, 9229166, 1, 4096, 638976
1446, 8579214, 1, 4096, 10420224
1454, 5199158, 1, 4096, 4505600
1463, 3769070, 1, 4096, 4698112
1468, 7149102, 1, 4096, 7680000
1473, 1949094, 1, 4096, 5169152
1480, 3379070, 1, 4096, 4816896
1484, 11569134, 1, 4096, 9625600
1492, 4939062, 1, 4096, 9375744
1496, 8319166, 1, 4096, 2621440
1504, 9229062, 1, 4096, 2641920
1509, 7279102, 1, 4096, 5632000
1518, 3769070, 1, 4096, 5816320
1526, 8709062, 1, 4096, 5799936
1535, 9359094, 1, 4096, 7888896
1541, 11439102, 1, 4096, 5464064
1549, 8839118, 1, 4096, 9072640
1552, 4419166, 1, 4096, 2076672
1556, 5979102, 1, 4096, 4984832
1565, 11179062, 1, 4096, 5124096
1575, 3119110, 1, 4096, 1654784
1582, 10919118, 1, 4096, 5390336
1593, 9099070, 1, 4096, 5918720
1596, 10659070, 1, 4096, 6537216
1602, 5459158, 1, 4096, 122880
1609, 4939206, 1, 4096, 9674752
1619, 4939174, 1, 4096, 2199552
1623, 8839078, 1, 4096, 3219456
1628, 4679110, 1, 4096, 368640
1632, 10529078, 1, 4096, 1499136
1637, 3769142, 1, 4096, 6332416
1643, 7799158, 1, 4096, 65536
1653, 5199214, 1, 4096, 10153984
1660, 11309190, 1, 4096, 2039808
1668, 8579094, 1, 4096, 4083712
1677, 1819118, 1, 4096, 16384
1687, 3119214, 1, 4096, 9973760
1706, 6369166, 1, 4096, 3100672
1711, 3119078, 1, 4096, 4276224
1718, 9749070, 1, 4096, 3809280
1724, 11049070, 1, 4096, 3428352
1732, 8969062, 1, 4096, 3424256
1738, 9099102, 1, 4096, 851968
1742, 4679110, 1, 4096, 3682304
1750, 6239086, 1, 4096, 5574656
1761, 3119078, 1, 4096, 4173824
1782, 5199134, 1, 4096, 9097216
1787, 5199102, 1, 4096, 6279168
1790, 5199070, 1, 4096, 7073792
1798, 6109118, 1, 4096, 3276800
1808, 5199150, 1, 4096, 9236480
1812, 8189134, 1, 4096, 4538368
1817, 6629070, 1, 4096, 3878912
1826, 5979126, 1, 4096, 7815168
1835, 8969150, 1, 4096, 2138112
1868, 3509086, 1, 4096, 3862528
1874, 12219142, 1, 4096, 9224192
1881, 3769182, 1, 4096, 1159168
1891, 7539070, 1, 4096, 1585152
1893, 5329126, 1, 4096, 6000640
1903, 9489150, 1, 4096, 352256
1907, 4939142, 1, 4096, 5263360
1911, 7669078, 1, 4096, 6209536
1922, 4939150, 1, 4096, 798720
1926, 5849174, 1, 4096, 7823360
1936, 9879118, 1, 4096, 4272128
1940, 10529134, 1, 4096, 9015296
1951, 8319142, 1, 4096, 3813376
1972, 12219102, 1, 4096, 6594560
1974, 5459078, 1, 4096, 5345280
1977, 7279142, 1, 4096, 77824
1995, 5069126, 1, 4096, 4472832
2002, 8319086, 1, 4096, 5980160
2010, 10919094, 1, 4096, 4038656
2016, 2469062, 1, 4096, 3633152
2026, 7539150, 1, 4096, 9736192
2033, 5459094, 1, 4096, 7450624
2037, 11179142, 1, 4096, 2428928
2056, 4159134, 1, 4096, 6770688
2061, 8449134, 1, 4096, 2088960
2071, 9749158, 1, 4096, 8335360
2080, 9229118, 1, 4096, 4734976
2090, 9749086, 1, 4096, 3235840
2099, 5459094, 1, 4096, 1466368
2103, 7409198, 1, 4096, 10141696
2108, 9489166, 1, 4096, 3465216
2110, 6109102, 1, 4096, 5869568
2115, 9879078, 1, 4096, 6959104
2117, 8189102, 1, 4096, 9490432
2120, 12349086, 1, 4096, 8151040
2127, 3899150, 1, 4096, 2158592
2137, 10529094, 1, 4096, 4321280
2141, 23918268, 1, 4096, 9154560
2147, 22617210, 1, 4096, 8548352
2155, 19107450, 1, 4096, 2703360
2162, 4419070, 1, 4096, 2420736
2168, 7929086, 1, 4096, 3903488
2173, 11569078, 1, 4096, 5099520
2180, 3509062, 1, 4096, 4755456
2188, 5979086, 1, 4096, 6627328
2192, 3769110, 1, 4096, 9396224
2195, 7669198, 1, 4096, 540672
2201, 3769198, 1, 4096, 9506816
2206, 8189190, 1, 4096, 1196032
2215, 7149094, 1, 4096, 3145728
2219, 10139166, 1, 4096, 9932800
2222, 8189110, 1, 4096, 6782976
2225, 3249142, 1, 4096, 1777664
2249, 6369118, 1, 4096, 5226496
2272, 6759110, 1, 4096, 8704000
2277, 9359134, 1, 4096, 4079616
2287, 4289086, 1, 4096, 2240512
2324, 10009078, 1, 4096, 1273856
2327, 5589078, 1, 4096, 2093056
2336, 6889118, 1, 4096, 6086656
2342, 3249118, 1, 4096, 9338880
2348, 7149134, 1, 4096, 5095424
2355, 4809094, 1, 4096, 2768896
2358, 8709134, 1, 4096, 7397376
2362, 6369078, 1, 4096, 8269824
2366, 7669142, 1, 4096, 3543040
2370, 6109078, 1, 4096, 2330624
2380, 5979190, 1, 4096, 10399744
2384, 2859166, 1, 4096, 3817472
2388, 11049070, 1, 4096, 4464640
2397, 9489118, 1, 4096, 888832
2399, 5589134, 1, 4096, 5316608
2403, 5719142, 1, 4096, 466944
2412, 7539094, 1, 4096, 2445312
2421, 10919094, 1, 4096, 4628480
2431, 7539118, 1, 4096, 929792
2437, 4029062, 1, 4096, 618496
2443, 5069198, 1, 4096, 9662464
2453, 9359206, 1, 4096, 393216
2457, 7539198, 1, 4096, 9076736
2462, 4939070, 1, 4096, 8310784
2469, 2989190, 1, 4096, 188416
2478, 10399214, 1, 4096, 10088448
2482, 6369134, 1, 4096, 5279744
2491, 7019126, 1, 4096, 1544192
2500, 2079070, 1, 4096, 1622016
2509, 3119182, 1, 4096, 9515008
2515, 8189070, 1, 4096, 8945664
2521, 5589134, 1, 4096, 4603904
2529, 1689086, 1, 4096, 2600960
2536, 2079070, 1, 4096, 2166784
2545, 4549182, 1, 4096, 10145792
2551, 8059070, 1, 4096, 9572352
2556, 6239070, 1, 4096, 8884224
2566, 7539070, 1, 4096, 9310208
2575, 2209062, 1, 4096, 9400320
2580, 5199198, 1, 4096, 905216
2589, 8319182, 1, 4096, 8601600
2599, 9489070, 1, 4096, 9150464
2602, 4419198, 1, 4096, 90112
2606, 4159166, 1, 4096, 7012352
2609, 8969102, 1, 4096, 9592832
2616, 10139158, 1, 4096, 3477504
2623, 5459062, 1, 4096, 3256320
2632, 6759094, 1, 4096, 5181440
2639, 6759102, 1, 4096, 2977792
2649, 10139126, 1, 4096, 7180288
2660, 7409142, 1, 4096, 1921024
2662, 10529070, 1, 4096, 2535424
2666, 2859142, 1, 4096, 7307264
2673, 6369134, 1, 4096, 3018752
2681, 4549086, 1, 4096, 1191936
2691, 11439150, 1, 4096, 7024640
2723, 5719150, 1, 4096, 1142784
2731, 3509086, 1, 4096, 2859008
2738, 6629094, 1, 4096, 647168
2746, 11179150, 1, 4096, 6463488
2755, 8449118, 1, 4096, 2818048
2764, 8709094, 1, 4096, 4866048
2786, 10659142, 1, 4096, 10133504
2793, 4809126, 1, 4096, 5746688
2796, 8709134, 1, 4096, 10375168
2804, 8319182, 1, 4096, 2588672
2809, 1819110, 1, 4096, 5750784
2813, 2859102, 1, 4096, 8466432
2821, 8449094, 1, 4096, 6369280
2825, 7149134, 1, 4096, 1609728
2828, 3639190, 1, 4096, 10047488
2831, 12739174, 1, 4096, 3055616
2833, 5329134, 1, 4096, 7471104
2836, 6109142, 1, 4096, 2129920
2838, 5459086, 1, 4096, 876544
2842, 3769198, 1, 4096, 9326592
2851, 3639062, 1, 4096, 9502720
2860, 22098300, 1, 4096, 3956736
2869, 8709126, 1, 4096, 8073216
2874, 29637234, 1, 4096, 7098368
2877, 25347234, 1, 4096, 6033408
2886, 21836472, 1, 4096, 2195456
2890, 5329102, 1, 4096, 5062656
2898, 2599126, 1, 4096, 8790016
2902, 2599198, 1, 4096, 131072
2907, 11049110, 1, 4096, 3362816
2913, 8449102, 1, 4096, 749568
2919, 6109086, 1, 4096, 2117632
2927, 4159150, 1, 4096, 8003584
2938, 12089118, 1, 4096, 4591616
2945, 1949062, 1, 4096, 4149248
2948, 9099078, 1, 4096, 3125248
2959, 9229070, 1, 4096, 3657728
2965, 2079142, 1, 4096, 8896512
2971, 8839190, 1, 4096, 630784
2990, 5719126, 1, 4096, 5070848
2994, 4549134, 1, 4096, 147456
2999, 8579142, 1, 4096, 5287936
3009, 3639118, 1, 4096, 1855488
3013, 7539166, 1, 4096, 8474624
3020, 10659158, 1, 4096, 2383872
3044, 10139070, 1, 4096, 1941504
3080, 3119198, 1, 4096, 10350592
3087, 8579214, 1, 4096, 520192
3089, 7409094, 1, 4096, 2998272
3095, 9489102, 1, 4096, 450560
3104, 3509158, 1, 4096, 6303744
3110, 8709086, 1, 4096, 7835648
3120, 9619118, 1, 4096, 4259840
3125, 8059102, 1, 4096, 1626112
3130, 3509078, 1, 4096, 2826240
3133, 10399102, 1, 4096, 5500928
3143, 9359118, 1, 4096, 1912832
3152, 8449094, 1, 4096, 3940352
3158, 4549118, 1, 4096, 7274496
3162, 6239142, 1, 4096, 2461696
3182, 5979134, 1, 4096, 6918144
3189, 8319126, 1, 4096, 2744320
3197, 11439094, 1, 4096, 835584
3201, 7929198, 1, 4096, 9547776
3207, 10269102, 1, 4096, 7045120
3216, 4679070, 1, 4096, 7294976
3220, 7149174, 1, 4096, 471040
3230, 4679190, 1, 4096, 8458240
3234, 8319166, 1, 4096, 1708032
3244, 8579158, 1, 4096, 7872512
3268, 7409094, 1, 4096, 5713920
3279, 3769086, 1, 4096, 4354048
3282, 10529102, 1, 4096, 7032832
3290, 9229094, 1, 4096, 4980736
3292, 6629110, 1, 4096, 1740800
3302, 6889086, 1, 4096, 61440
3312, 4809214, 1, 4096, 10117120
3323, 8839086, 1, 4096, 8560640
3345, 12219134, 1, 4096, 4120576
3352, 2729118, 1, 4096, 114688
3361, 7799214, 1, 4096, 9846784
3367, 9359190, 1, 4096, 1617920
3375, 9489062, 1, 4096, 1650688
3385, 3769094, 1, 4096, 3899392
3388, 6629078, 1, 4096, 2723840
3396, 5849086, 1, 4096, 4587520
3400, 9489078, 1, 4096, 3588096
3408, 8059118, 1, 4096, 7147520
3416, 7019094, 1, 4096, 9084928
3419, 5329078, 1, 4096, 9887744
3430, 8579174, 1, 4096, 2637824
3433, 4419070, 1, 4096, 3383296
3436, 10659102, 1, 4096, 6070272
3439, 4029078, 1, 4096, 6795264
3442, 7799102, 1, 4096, 9297920
3451, 7669094, 1, 4096, 7671808
3454, 8059142, 1, 4096, 2453504
3459, 3769118, 1, 4096, 5738496
3463, 8449110, 1, 4096, 2605056
3472, 8969126, 1, 4096, 6737920
3482, 3249118, 1, 4096, 3280896
3489, 10789142, 1, 4096, 8552448
3495, 5069126, 1, 4096, 4182016
3502, 7669110, 1, 4096, 7708672
3508, 8189158, 1, 4096, 1470464
3516, 5199126, 1, 4096, 5361664
3518, 7279102, 1, 4096, 7831552
3525, 5069102, 1, 4096, 5525504
3533, 9879126, 1, 4096, 1449984
3543, 6759070, 1, 4096, 1830912
3551, 11049150, 1, 4096, 7634944
3556, 7669134, 1, 4096, 2912256
3566, 8839158, 1, 4096, 9093120
3569, 11569142, 1, 4096, 4096000
3578, 4939118, 1, 4096, 233472
3586, 10659182, 1, 4096, 8077312
3591, 6759134, 1, 4096, 3293184
3601, 10399158, 1, 4096, 9580544
3607, 7929102, 1, 4096, 6934528
3611, 8839166, 1, 4096, 217088
3621, 4939182, 1, 4096, 8216576
3628, 3119094, 1, 4096, 9916416
3635, 5069158, 1, 4096, 3993600
3640, 3899102, 1, 4096, 1089536
3643, 16378268, 1, 4096, 5685248
3650, 21057306, 1, 4096, 3502080
3652, 18327402, 1, 4096, 7966720
3660, 5979062, 1, 4096, 7778304
3667, 4939102, 1, 4096, 5455872
3670, 9749142, 1, 4096, 344064
3678, 3639126, 1, 4096, 4136960
3686, 6759070, 1, 4096, 4001792
3692, 3119094, 1, 4096, 1568768
3702, 1819086, 1, 4096, 86016
3708, 6629078, 1, 4096, 1482752
3711, 6889134, 1, 4096, 5996544
3714, 6109078, 1, 4096, 4784128
3717, 3639070, 1, 4096, 5484544
3724, 7929118, 1, 4096, 9027584
3732, 7409182, 1, 4096, 1187840
3740, 11179150, 1, 4096, 7008256
3746, 4419126, 1, 4096, 2592768
3757, 6239094, 1, 4096, 4997120
3766, 6889126, 1, 4096, 8994816
3776, 10919086, 1, 4096, 7573504
3778, 5199142, 1, 4096, 2174976
3788, 8319070, 1, 4096, 2650112
3797, 4679062, 1, 4096, 2891776
3803, 6759174, 1, 4096, 9977856
3813, 10789206, 1, 4096, 806912
3817, 8189134, 1, 4096, 5402624
3825, 6109094, 1, 4096, 7282688
3833, 2469062, 1, 4096, 7393280
3842, 5849094, 1, 4096, 5648384
3853, 5719102, 1, 4096, 8024064
3863, 11569094, 1, 4096, 10252288
3872, 2469174, 1, 4096, 2617344
3875, 2079134, 1, 4096, 7340032
3881, 3379134, 1, 4096, 2863104
3885, 4549102, 1, 4096, 0
3895, 4289214, 1, 4096, 10031104
3903, 8579062, 1, 4096, 10002432
3913, 5069062, 1, 4096, 10272768
3917, 1949102, 1, 4096, 7249920
3927, 5719118, 1, 4096, 3948544
3935, 8059094, 1, 4096, 5955584
3939, 7279110, 1, 4096, 2752512
3946, 5849142, 1, 4096, 8232960
3954, 8579062, 1, 4096, 8208384
3965, 1819078, 1, 4096, 8794112
3973, 7539158, 1, 4096, 3026944
3982, 5069158, 1, 4096, 8970240
3986, 11049110, 1, 4096, 6004736
3989, 5069078, 1, 4096, 4730880
3994, 8579134, 1, 4096, 57344
3999, 9099142, 1, 4096, 5230592
4009, 3119094, 1, 4096, 7442432
4016, 10659158, 1, 4096, 1351680
4018, 10789070, 1, 4096, 1986560
4024, 6499086, 1, 4096, 3375104
4032, 6109062, 1, 4096, 3194880
4038, 9489102, 1, 4096, 651264
4043, 7669174, 1, 4096, 7790592
4046, 8449142, 1, 4096, 2596864
4055, 7279118, 1, 4096, 6619136
4065, 4159110, 1, 4096, 3223552
4070, 7149078, 1, 4096, 4141056
4073, 6369070, 1, 4096, 5009408
4077, 11049134, 1, 4096, 9785344
4086, 7929118, 1, 4096, 6107136
4096, 6629118, 1, 4096, 2347008
4099, 6889078, 1, 4096, 3248128
4102, 7149166, 1, 4096, 9842688
4105, 4289118, 1, 4096, 6451200
4109, 10269134, 1, 4096, 1884160
4117, 4809182, 1, 4096, 9367552
4121, 4549142, 1, 4096, 4440064
4128, 11049070, 1, 4096, 4055040
4137, 6239070, 1, 4096, 4403200
4164, 11179126, 1, 4096, 8671232
4170, 9619190, 1, 4096, 454656
4174, 2209142, 1, 4096, 5189632
4176, 4939118, 1, 4096, 1839104
4185, 5979126, 1, 4096, 5779456
4195, 8189118, 1, 4096, 2113536
4199, 3639078, 1, 4096, 1261568
4209, 10269126, 1, 4096, 5476352
4211, 5979142, 1, 4096, 126976
4216, 5199198, 1, 4096, 9179136
4222, 5199070, 1, 4096, 8425472
4228, 5459134, 1, 4096, 4071424
4230, 3509078, 1, 4096, 2699264
4237, 7929118, 1, 4096, 6246400
4245, 4289086, 1, 4096, 8011776
4253, 7019094, 1, 4096, 9957376
4261, 9879062, 1, 4096, 10010624
4265, 12479086, 1, 4096, 8687616
4275, 9229174, 1, 4096, 1474560
4278, 7929134, 1, 4096, 6053888
4285, 4939062, 1, 4096, 5804032
4292, 11179070, 1, 4096, 5427200
4297, 13258140, 1, 4096, 4759552
4303, 4159110, 1, 4096, 8069120
4309, 11697258, 1, 4096, 9302016
4316, 28077282, 1, 4096, 7258112
4321, 14036440, 1, 4096, 4337664
4329, 4679094, 1, 4096, 2519040
4333, 9749078, 1, 4096, 1531904
4336, 4679166, 1, 4096, 7970816
4345, 8319150, 1, 4096, 2256896
4348, 7019166, 1, 4096, 8843264
4358, 8969174, 1, 4096, 1613824
4369, 8709158, 1, 4096, 7794688
4377, 6629126, 1, 4096, 4034560
4387, 8189086, 1, 4096, 2437120
4393, 4809086, 1, 4096, 3723264
4401, 3509118, 1, 4096, 7503872
4408, 11179070, 1, 4096, 7127040
4413, 4679086, 1, 4096, 8404992
4421, 8449094, 1, 4096, 6311936
4427, 4549102, 1, 4096, 3964928
4434, 10529070, 1, 4096, 3547136
4443, 7669126, 1, 4096, 7593984
4448, 3119070, 1, 4096, 6713344
4451, 5459070, 1, 4096, 7520256
4458, 7279094, 1, 4096, 5353472
4466, 7149094, 1, 4096, 3174400
4474, 2469094, 1, 4096, 1216512
4478, 8059078, 1, 4096, 2191360
4486, 6109174, 1, 4096, 9748480
4489, 7019078, 1, 4096, 8593408
4495, 10269070, 1, 4096, 8163328
4502, 5719126, 1, 4096, 3825664
4508, 8969086, 1, 4096, 5373952
4513, 11959078, 1, 4096, 4530176
4519, 2989150, 1, 4096, 9830400
4527, 3899158, 1, 4096, 3833856
4532, 10919078, 1, 4096, 4993024
4535, 5719078, 1, 4096, 3756032
4543, 6629086, 1, 4096, 5668864
4549, 1559062, 1, 4096, 5201920
4558, 7929086, 1, 4096, 7200768
4564, 5329086, 1, 4096, 8519680
4567, 11959142, 1, 4096, 3551232
4574, 3249062, 1, 4096, 3186688
4580, 9619142, 1, 4096, 8392704
4587, 9749086, 1, 4096, 9986048
4593, 10919102, 1, 4096, 7528448
4596, 6239078, 1, 4096, 6328320
4606, 4809094, 1, 4096, 8642560
4612, 6239158, 1, 4096, 2277376
4616, 12739078, 1, 4096, 1486848
4620, 4809198, 1, 4096, 9994240
4627, 11829158, 1, 4096, 3981312
4635, 8059150, 1, 4096, 9601024
4644, 4939086, 1, 4096, 7802880
4647, 3769142, 1, 4096, 2830336
4656, 12869094, 1, 4096, 1011712
4666, 5069190, 1, 4096, 9019392
4670, 5329134, 1, 4096, 4145152
4689, 5329126, 1, 4096, 8564736
4693, 9229078, 1, 4096, 7548928
4701, 11309126, 1, 4096, 3563520
4708, 5459150, 1, 4096, 9023488
4712, 6629134, 1, 4096, 4231168
4716, 10659134, 1, 4096, 8978432
4722, 12089166, 1, 4096, 2465792
4753, 2729182, 1, 4096, 9814016
4757, 6629142, 1, 4096, 5021696
4766, 9359062, 1, 4096, 5046272
4774, 6889118, 1, 4096, 1302528
4780, 7799070, 1, 4096, 716800
4784, 12089102, 1, 4096, 3493888
4794, 10269158, 1, 4096, 9768960
4797, 9359142, 1, 4096, 4632576
4806, 6499118, 1, 4096, 860160
4814, 7539182, 1, 4096, 8511488
4823, 8319150, 1, 4096, 2793472
4855, 6629150, 1, 4096, 8327168
4858, 4679142, 1, 4096, 3407872
4865, 11699102, 1, 4096, 999424
4868, 2469110, 1, 4096, 3690496
4873, 10269078, 1, 4096, 4804608
4875, 4029086, 1, 4096, 3461120
4886, 9749158, 1, 4096, 9699328
4894, 9879182, 1, 4096, 2019328
4899, 7669142, 1, 4096, 7094272
4903, 4939166, 1, 4096, 135168
4908, 5589198, 1, 4096, 9207808
4913, 2339070, 1, 4096, 8273920
4923, 6889150, 1, 4096, 2981888
4931, 3119126, 1, 4096, 6742016
4938, 5329070, 1, 4096, 6516736
4941, 5459110, 1, 4096, 3198976
4947, 10789142, 1, 4096, 8470528
4952, 10009134, 1, 4096, 3895296
4956, 11699134, 1, 4096, 8712192
4961, 5199070, 1, 4096, 7954432
4967, 6239070, 1, 4096, 7270400
4971, 4809142, 1, 4096, 2363392
4980, 5849190, 1, 4096, 10424320
4990, 5069150, 1, 4096, 5017600
4997, 3119062, 1, 4096, 4648960
5006, 6499118, 1, 4096, 8622080
5015, 8318140, 1, 4096, 8835072
5021, 10527306, 1, 4096, 6426624
5026, 23007330, 1, 4096, 9437184
5031, 11179078, 1, 4096, 8544256
5036, 7539070, 1, 4096, 7938048
5044, 7669062, 1, 4096, 7856128
5051, 4029158, 1, 4096, 1871872
5055, 6369166, 1, 4096, 8417280
5065, 8319086, 1, 4096, 6828032
5072, 9749126, 1, 4096, 2748416
5083, 10009070, 1, 4096, 3325952
5088, 5069110, 1, 4096, 503808
5093, 5199206, 1, 4096, 9555968
5102, 9099062, 1, 4096, 9564160
5107, 5719158, 1, 4096, 3166208
5113, 8969070, 1, 4096, 2646016
5122, 2729062, 1, 4096, 2772992
5125, 9749102, 1, 4096, 5398528
5128, 9359142, 1, 4096, 266240
5132, 6239078, 1, 4096, 1126400
5140, 4679070, 1, 4096, 856064
5171, 8709206, 1, 4096, 10129408
5180, 7669118, 1, 4096, 6430720
5187, 9749158, 1, 4096, 290816
5190, 5719166, 1, 4096, 6791168
5200, 5199150, 1, 4096, 1392640
5209, 9879182, 1, 4096, 9191424
5216, 9099126, 1, 4096, 5074944
5223, 8059118, 1, 4096, 8626176
5230, 10139086, 1, 4096, 10248192
5234, 4029102, 1, 4096, 7356416
5239, 7669110, 1, 4096, 10371072
5246, 5329190, 1, 4096, 2400256
5253, 10009118, 1, 4096, 6078464
5257, 7409078, 1, 4096, 4952064
5260, 6499078, 1, 4096, 3764224
5262, 11309118, 1, 4096, 294912
5270, 6759094, 1, 4096, 2220032
5280, 8319126, 1, 4096, 6307840
5288, 8579062, 1, 4096, 6283264
5291, 10659142, 1, 4096, 1232896
5296, 10789078, 1, 4096, 2379776
5304, 7149182, 1, 4096, 10006528
5311, 8059214, 1, 4096, 143360
5315, 9489134, 1, 4096, 4820992
5325, 10789126, 1, 4096, 9064448
5329, 4419134, 1, 4096, 4128768
5339, 2469086, 1, 4096, 2691072
5348, 4029150, 1, 4096, 8568832
5358, 4029110, 1, 4096, 5165056
5363, 7539110, 1, 4096, 2494464
5369, 8839174, 1, 4096, 9711616
5377, 8319094, 1, 4096, 7606272
5381, 4939110, 1, 4096, 10444800
5387, 5069102, 1, 4096, 8134656
5396, 8709182, 1, 4096, 376832
5401, 3379118, 1, 4096, 3637248
5410, 5199094, 1, 4096, 1851392
5421, 9229086, 1, 4096, 323584
5427, 8839086, 1, 4096, 1863680
5435, 5329126, 1, 4096, 5758976
5443, 6239070, 1, 4096, 5586944
5446, 5589078, 1, 4096, 4341760
5454, 7409062, 1, 4096, 4243456
5462, 9099094, 1, 4096, 2187264
5465, 3639070, 1, 4096, 2887680
5474, 4549158, 1, 4096, 8798208
5480, 9229086, 1, 4096, 10366976
5488, 7019222, 1, 4096, 434176
5498, 6239102, 1, 4096, 2846720
5509, 10529158, 1, 4096, 9138176
5516, 8709094, 1, 4096, 7053312
5527, 4939110, 1, 4096, 3706880
5534, 6109086, 1, 4096, 5591040
5543, 7799094, 1, 4096, 7577600
5549, 9749070, 1, 4096, 7110656
5557, 4939150, 1, 4096, 1179648
5559, 11699126, 1, 4096, 5480448
5563, 9749110, 1, 4096, 2433024
5571, 7669062, 1, 4096, 2355200
5579, 8189062, 1, 4096, 2306048
5585, 5849118, 1, 4096, 5718016
5588, 8189062, 1, 4096, 6184960
5597, 3249110, 1, 4096, 2732032
5606, 11699150, 1, 4096, 8581120
5614, 6109062, 1, 4096, 8396800
5623, 9229094, 1, 4096, 10477568
5631, 9229182, 1, 4096, 2756608
5640, 6499086, 1, 4096, 1052672
5648, 6239174, 1, 4096, 8617984
5658, 9099086, 1, 4096, 7081984
5667, 8839094, 1, 4096, 9134080
5672, 7799102, 1, 4096, 6483968
5676, 5589110, 1, 4096, 9363456
5684, 2989182, 1, 4096, 1765376
5689, 6499198, 1, 4096, 10379264
5694, 3899166, 1, 4096, 3866624
5698, 19238156, 1, 4096, 2875392
5702, 4939142, 1, 4096, 7786496
5709, 27687378, 1, 4096, 3674112
5717, 9747210, 1, 4096, 3313664
5722, 24956408, 1, 4096, 561152
5725, 8579166, 1, 4096, 7241728
5731, 1949102, 1, 4096, 4739072
5734, 6759126, 1, 4096, 9244672
5738, 7929198, 1, 4096, 405504
5742, 8709198, 1, 4096, 9158656
5752, 9359174, 1, 4096, 1961984
5760, 8059150, 1, 4096, 7581696
5768, 10009126, 1, 4096, 3518464
5771, 5979078, 1, 4096, 2297856
5777, 7799118, 1, 4096, 5836800
5782, 9489134, 1, 4096, 1224704
5791, 8969094, 1, 4096, 3284992
5800, 8579094, 1, 4096, 5328896
5806, 10139110, 1, 4096, 8499200
5810, 8579166, 1, 4096, 1761280
5821, 8319086, 1, 4096, 176128
5844, 6499214, 1, 4096, 9826304
5847, 3509118, 1, 4096, 6381568
5857, 6369142, 1, 4096, 1056768
5863, 3509110, 1, 4096, 4329472
5872, 6369118, 1, 4096, 548864
5875, 3769134, 1, 4096, 5382144
5882, 7409086, 1, 4096, 6832128
5887, 3509110, 1, 4096, 10100736
5896, 9099214, 1, 4096, 307200
5899, 6629166, 1, 4096, 6864896
5904, 4289110, 1, 4096, 10186752
5909, 5199102, 1, 4096, 7368704
5917, 8189094, 1, 4096, 5255168
5925, 6239118, 1, 4096, 9211904
5933, 10009126, 1, 4096, 5148672
5936, 2339134, 1, 4096, 81920
5939, 10529190, 1, 4096, 8437760
5947, 4419086, 1, 4096, 10219520
5977, 7799070, 1, 4096, 9629696
5985, 9099182, 1, 4096, 1892352
5989, 4679078, 1, 4096, 2654208
5997, 5459086, 1, 4096, 4497408
6002, 10009142, 1, 4096, 9723904
6010, 9359126, 1, 4096, 5623808
6020, 8319070, 1, 4096, 6098944
6025, 5069070, 1, 4096, 5332992
6032, 9099126, 1, 4096, 1212416
6043, 7149190, 1, 4096, 9355264
6052, 6889182, 1, 4096, 2002944
6055, 4809078, 1, 4096, 708608
6062, 12349174, 1, 4096, 8142848
6072, 7539150, 1, 4096, 2375680
6108, 5329078, 1, 4096, 3178496
6117, 3899062, 1, 4096, 3379200
6123, 7019070, 1, 4096, 2740224
6132, 6629086, 1, 4096, 1044480
6139, 7149142, 1, 4096, 6606848
6146, 7539118, 1, 4096, 10125312
6150, 8189078, 1, 4096, 9048064
6158, 11569094, 1, 4096, 7143424
6166, 8579094, 1, 4096, 5054464
6175, 4549070, 1, 4096, 5296128
6179, 11179110, 1, 4096, 2338816
6185, 8319086, 1, 4096, 3846144
6188, 4939118, 1, 4096, 495616
6196, 5979094, 1, 4096, 2371584
6205, 7409086, 1, 4096, 724992
6212, 10659070, 1, 4096, 311296
6221, 11569062, 1, 4096, 479232
6225, 7929078, 1, 4096, 1445888
6234, 8319182, 1, 4096, 9142272
6238, 5329102, 1, 4096, 6336512
6245, 3509070, 1, 4096, 5988352
6252, 4159094, 1, 4096, 3624960
6277, 4679150, 1, 4096, 9543680
6281, 6629078, 1, 4096, 10432512
6290, 6239182, 1, 4096, 3035136
6295, 5199102, 1, 4096, 212992
6299, 7409198, 1, 4096, 8892416
6309, 7669086, 1, 4096, 7262208
6312, 3249142, 1, 4096, 2252800
6332, 8189134, 1, 4096, 6852608
6339, 3769070, 1, 4096, 6520832
6343, 8189078, 1, 4096, 7507968
6351, 5589062, 1, 4096, 7290880
6356, 2729078, 1, 4096, 8450048
6363, 9229158, 1, 4096, 2273280
6372, 6499070, 1, 4096, 2633728
6380, 3769086, 1, 4096, 4366336
6386, 8449086, 1, 4096, 5881856
6393, 4939070, 1, 4096, 5627904
6401, 7799094, 1, 4096, 3489792
6406, 6109070, 1, 4096, 2797568
6414, 8319150, 1, 4096, 8429568
6417, 5199070, 1, 4096, 9228288
6424, 1819062, 1, 4096, 8777728
6429, 8059110, 1, 4096, 6139904
6435, 5979126, 1, 4096, 1818624
6441, 12609110, 1, 4096, 5144576
6447, 1429118, 1, 4096, 8286208
6454, 3119086, 1, 4096, 9981952
6458, 4029198, 1, 4096, 1413120
6463, 7798140, 1, 4096, 577536
6467, 23007570, 1, 4096, 9265152
6475, 21447282, 1, 4096, 7086080
6480, 10529166, 1, 4096, 475136
6485, 6109206, 1, 4096, 9584640
6495, 11829150, 1, 4096, 4091904
6505, 1429110, 1, 4096, 516096
6510, 5459166, 1, 4096, 7524352
6517, 9879126, 1, 4096, 3448832
6527, 10399086, 1, 4096, 1990656
6535, 5719062, 1, 4096, 1789952
6543, 11049118, 1, 4096, 5529600
6552, 5329086, 1, 4096, 3751936
6556, 10789078, 1, 4096, 2834432
6559, 8449134, 1, 4096, 7446528
6563, 10529110, 1, 4096, 4448256
6571, 4419094, 1, 4096, 6230016
6581, 3769150, 1, 4096, 737280
6583, 6629102, 1, 4096, 3170304
6589, 7539078, 1, 4096, 2568192
6598, 6369070, 1, 4096, 2916352
6608, 7799086, 1, 4096, 1298432
6613, 6499110, 1, 4096, 4239360
6615, 11049070, 1, 4096, 4886528
6618, 8059102, 1, 4096, 7405568
6623, 6239102, 1, 4096, 4653056
6625, 2989070, 1, 4096, 5308416
6636, 5199094, 1, 4096, 7651328
6644, 8969150, 1, 4096, 1974272
6654, 7019158, 1, 4096, 8048640
6660, 4419094, 1, 4096, 5697536
6664, 9099078, 1, 4096, 4669440
6670, 3249142, 1, 4096, 9990144
6677, 10659102, 1, 4096, 7516160
6681, 12479110, 1, 4096, 4636672
6690, 6369086, 1, 4096, 2924544
6711, 5849142, 1, 4096, 7892992
6720, 5329094, 1, 4096, 6111232
6724, 2729110, 1, 4096, 8814592
6726, 4029086, 1, 4096, 7475200
6729, 7669142, 1, 4096, 2232320
6731, 8709190, 1, 4096, 10473472
6736, 8319134, 1, 4096, 5787648
6739, 7149126, 1, 4096, 10313728
6743, 1559158, 1, 4096, 3653632
6768, 8969118, 1, 4096, 7266304
6773, 9879134, 1, 4096, 2682880
6784, 10399070, 1, 4096, 3289088
6791, 10139086, 1, 4096, 4911104
6797, 4809086, 1, 4096, 6193152
6802, 2599102, 1, 4096, 3731456
6810, 10139150, 1, 4096, 9482240
6813, 6369078, 1, 4096, 8282112
6824, 2209174, 1, 4096, 1150976
6844, 5849126, 1, 4096, 5595136
6850, 6889126, 1, 4096, 1339392
6858, 11439150, 1, 4096, 7168000
6883, 7539094, 1, 4096, 5013504
6887, 4289142, 1, 4096, 9879552
6893, 5719166, 1, 4096, 3485696
6915, 9489110, 1, 4096, 6615040
6919, 4419070, 1, 4096, 5812224
6923, 7669078, 1, 4096, 4694016
6930, 8969126, 1, 4096, 569344
6938, 8189182, 1, 4096, 8257536
6940, 5069118, 1, 4096, 4919296
6946, 8189142, 1, 4096, 10027008
6956, 7539174, 1, 4096, 2711552
6975, 6759126, 1, 4096, 7217152
6985, 4939086, 1, 4096, 5419008
6988, 11829102, 1, 4096, 8179712
6992, 5719078, 1, 4096, 9007104
6995, 8579198, 1, 4096, 204800
6998, 10269102, 1, 4096, 2871296
7007, 7019126, 1, 4096, 6873088
7018, 8319142, 1, 4096, 1671168
7021, 8059134, 1, 4096, 6258688
7027, 5979078, 1, 4096, 7622656
7032, 10009134, 1, 4096, 3039232
7035, 8059134, 1, 4096, 7626752
7040, 6759078, 1, 4096, 8523776
7048, 4809094, 1, 4096, 10321920
7055, 8449102, 1, 4096, 8224768
7060, 2729086, 1, 4096, 9379840
7065, 4549078, 1, 4096, 8585216
7072, 4939182, 1, 4096, 593920
7079, 2859086, 1, 4096, 2269184
7083, 7799078, 1, 4096, 3231744
7092, 5199118, 1, 4096, 7118848
7102, 8839086, 1, 4096, 5562368
7107, 9099102, 1, 4096, 2994176
7113, 3379086, 1, 4096, 4186112
7139, 10139126, 1, 4096, 8388608
7147, 7539150, 1, 4096, 2625536
7172, 2989118, 1, 4096, 6377472
7179, 11179158, 1, 4096, 319488
7189, 3899102, 1, 4096, 2580480
7197, 7278172, 1, 4096, 4308992
7199, 7669110, 1, 4096, 1130496
7203, 25347594, 1, 4096, 9875456
7206, 14427618, 1, 4096, 839680
7210, 21836440, 1, 4096, 3715072
7220, 7929158, 1, 4096, 9838592
7228, 8839094, 1, 4096, 7766016
7234, 4159134, 1, 4096, 3334144
7241, 10789118, 1, 4096, 7065600
7249, 5719062, 1, 4096, 6856704
7255, 5589078, 1, 4096, 8196096
7265, 5459142, 1, 4096, 2813952
7271, 4939102, 1, 4096, 491520
7275, 8449078, 1, 4096, 1490944
7282, 7409086, 1, 4096, 2945024
7291, 10919062, 1, 4096, 3063808
7295, 2989142, 1, 4096, 7847936
7298, 10919142, 1, 4096, 2809856
7306, 12349118, 1, 4096, 6639616
7313, 3509094, 1, 4096, 4227072
7316, 3639102, 1, 4096, 6987776
7319, 7799110, 1, 4096, 3821568
7322, 7929110, 1, 4096, 655360
7331, 7409126, 1, 4096, 4689920
7334, 8449110, 1, 4096, 1560576
7343, 2469062, 1, 4096, 1667072
7353, 9099158, 1, 4096, 7868416
7359, 6109078, 1, 4096, 7172096
7366, 4419150, 1, 4096, 1208320
7376, 4549094, 1, 4096, 3510272
7387, 10269086, 1, 4096, 2043904
7392, 3769086, 1, 4096, 3264512
7394, 5069086, 1, 4096, 1982464
7405, 8839086, 1, 4096, 430080
7415, 6369070, 1, 4096, 778240
7424, 4939190, 1, 4096, 8785920
7432, 3119094, 1, 4096, 6868992
7436, 5979102, 1, 4096, 9773056
7445, 7539118, 1, 4096, 6074368
7453, 3899094, 1, 4096, 7819264
7459, 3639134, 1, 4096, 3354624
7462, 5459078, 1, 4096, 2101248
7466, 8839078, 1, 4096, 1060864
7469, 5979070, 1, 4096, 1904640
7478, 6239094, 1, 4096, 3792896
7482, 4679110, 1, 4096, 946176
7485, 5069166, 1, 4096, 7409664
7489, 7149166, 1, 4096, 585728
7497, 7019174, 1, 4096, 8204288
7502, 4029086, 1, 4096, 9441280
7512, 4549118, 1, 4096, 6066176
7518, 8059070, 1, 4096, 5488640
7527, 3769126, 1, 4096, 9293824
7536, 8839126, 1, 4096, 5672960
7540, 4679070, 1, 4096, 4882432
7549, 11049094, 1, 4096, 2953216
7554, 8189142, 1, 4096, 8065024
7561, 10269158, 1, 4096, 1953792
7567, 7019070, 1, 4096, 1310720
7570, 8579134, 1, 4096, 5931008
7573, 8449102, 1, 4096, 8478720
7576, 5459078, 1, 4096, 9289728
7583, 2989190, 1, 4096, 1175552
7590, 11179142, 1, 4096, 6475776
7597, 4809094, 1, 4096, 8278016
7605, 4809126, 1, 4096, 4399104
7613, 8969150, 1, 4096, 10076160
7617, 8969166, 1, 4096, 3371008
7622, 5849102, 1, 4096, 589824
7630, 4029118, 1, 4096, 4407296
7640, 7409126, 1, 4096, 8441856
7646, 8059126, 1, 4096, 4251648
7651, 9229078, 1, 4096, 5304320
7654, 10399102, 1, 4096, 7974912
7658, 12739110, 1, 4096, 5111808
7666, 7149062, 1, 4096, 5001216
7673, 5849118, 1, 4096, 8413184
7680, 5589158, 1, 4096, 2527232
7684, 9229134, 1, 4096, 7184384
7687, 2339134, 1, 4096, 2121728
7694, 4159070, 1, 4096, 1822720
7704, 7409086, 1, 4096, 172032
7711, 10139086, 1, 4096, 1794048
7722, 10919086, 1, 4096, 372736
7744, 4679206, 1, 4096, 9388032
7767, 8709070, 1, 4096, 8859648
7771, 5199110, 1, 4096, 6037504
7779, 6369150, 1, 4096, 196608
7787, 7279094, 1, 4096, 2154496
7791, 5589102, 1, 4096, 5042176
7795, 3769134, 1, 4096, 69632
7802, 9879206, 1, 4096, 9412608
7809, 6499070, 1, 4096, 9256960
7817, 6889182, 1, 4096, 1384448
7820, 9749190, 1, 4096, 9695232
7826, 7929158, 1, 4096, 3436544
7835, 8969094, 1, 4096, 5496832
7844, 7279086, 1, 4096, 3842048
7850, 10269102, 1, 4096, 1347584
7860, 7539070, 1, 4096, 1769472
7866, 10399110, 1, 4096, 4960256
7870, 9489078, 1, 4096, 6021120
7874, 4289078, 1, 4096, 6762496
7880, 5718140, 1, 4096, 6373376
7890, 21447378, 1, 4096, 10391552
7896, 10917210, 1, 4096, 10051584
7905, 9619182, 1, 4096, 2351104
7909, 5199142, 1, 4096, 7278592
7917, 3119126, 1, 4096, 3297280
7923, 11049110, 1, 4096, 6524928
7927, 9489078, 1, 4096, 7585792
7935, 9359126, 1, 4096, 3481600
7938, 8579166, 1, 4096, 10170368
7944, 10269134, 1, 4096, 5607424
7946, 8969142, 1, 4096, 442368
7957, 1949166, 1, 4096, 6709248
7968, 3249070, 1, 4096, 7385088
7973, 10919078, 1, 4096, 8540160
7977, 8059078, 1, 4096, 9510912
7984, 7539126, 1, 4096, 5292032
7990, 6239078, 1, 4096, 6672384
7995, 3639158, 1, 4096, 139264
8002, 8189118, 1, 4096, 3702784
8010, 8579062, 1, 4096, 3678208
8020, 10009126, 1, 4096, 7876608
8024, 6629086, 1, 4096, 6696960
8026, 2989078, 1, 4096, 7348224
8032, 6759078, 1, 4096, 6692864
8041, 5589070, 1, 4096, 6995968
8047, 4419086, 1, 4096, 8261632
8055, 9099094, 1, 4096, 6205440
8063, 4939118, 1, 4096, 10080256
8073, 12739182, 1, 4096, 2576384
8081, 7149094, 1, 4096, 4521984
8085, 3639142, 1, 4096, 9347072
8094, 3769062, 1, 4096, 9535488
8104, 5719070, 1, 4096, 9850880
8113, 2599182, 1, 4096, 2224128
8115, 3899126, 1, 4096, 6545408
8125, 7539142, 1, 4096, 1294336
8130, 5849142, 1, 4096, 6262784
8140, 2339086, 1, 4096, 4812800
8150, 7279086, 1, 4096, 3158016
8153, 5849070, 1, 4096, 3989504
8160, 6109086, 1, 4096, 5357568
8170, 5459094, 1, 4096, 7716864
8176, 7279086, 1, 4096, 9162752
8183, 6499062, 1, 4096, 9003008
8186, 6239110, 1, 4096, 5734400
8191, 7279110, 1, 4096, 3047424
8198, 7799094, 1, 4096, 909312
8207, 10789062, 1, 4096, 1028096
8212, 3899174, 1, 4096, 7933952
8219, 8709086, 1, 4096, 9461760
8228, 6499086, 1, 4096, 7757824
8234, 9229102, 1, 4096, 5197824
8240, 9489070, 1, 4096, 4714496
8246, 10269142, 1, 4096, 9953280
8251, 8189190, 1, 4096, 1646592
8256, 8709078, 1, 4096, 2666496
8278, 4939134, 1, 4096, 7569408
8303, 5849118, 1, 4096, 3760128
8311, 7019094, 1, 4096, 5705728
8315, 6629070, 1, 4096, 6586368
8321, 7539086, 1, 4096, 8044544
8331, 8319086, 1, 4096, 6455296
8336, 10009102, 1, 4096, 3944448
8339, 8059102, 1, 4096, 6467584
8343, 10139078, 1, 4096, 5505024
8346, 5719110, 1, 4096, 2203648
8351, 10399110, 1, 4096, 5394432
8361, 10659094, 1, 4096, 7561216
8365, 6889134, 1, 4096, 2789376
8369, 8969134, 1, 4096, 7430144
8379, 5589150, 1, 4096, 2060288
8382, 4549110, 1, 4096, 4878336
8386, 11309134, 1, 4096, 9666560
8393, 10659158, 1, 4096, 3579904
8397, 7929110, 1, 4096, 421888
8403, 7149174, 1, 4096, 7532544
8434, 11309070, 1, 4096, 7159808
8439, 3249086, 1, 4096, 8347648
8447, 6109158, 1, 4096, 2490368
8450, 4289078, 1, 4096, 1163264
8453, 5329158, 1, 4096, 7647232
8456, 7019110, 1, 4096, 4427776
8461, 11959102, 1, 4096, 2031616
8465, 7279134, 1, 4096, 6569984
8475, 3769102, 1, 4096, 8822784
8479, 4419078, 1, 4096, 8019968
8487, 6499062, 1, 4096, 7864320
8497, 6759062, 1, 4096, 8245248
8500, 3769078, 1, 4096, 6881280
8508, 6499150, 1, 4096, 1048576
8512, 7409102, 1, 4096, 4046848
8517, 6889102, 1, 4096, 1335296
8523, 7669086, 1, 4096, 2801664
8527, 5849110, 1, 4096, 5701632
8533, 3379078, 1, 4096, 6901760
8539, 12089110, 1, 4096, 10190848
8543, 8578204, 1, 4096, 7315456
8551, 6109126, 1, 4096, 3522560
8562, 6627402, 1, 4096, 7745536
8565, 9747426, 1, 4096, 2736128
8572, 15596696, 1, 4096, 10162176
8580, 11049158, 1, 4096, 4100096
8587, 5459094, 1, 4096, 5939200
8590, 10919142, 1, 4096, 901120
8595, 6239142, 1, 4096, 5894144
8603, 4809086, 1, 4096, 7696384
8609, 8579070, 1, 4096, 7151616
8615, 2209094, 1, 4096, 4661248
8622, 2989070, 1, 4096, 4284416
8626, 5979110, 1, 4096, 1519616
8631, 5589070, 1, 4096, 786432
8635, 8709078, 1, 4096, 1806336
8641, 5589086, 1, 4096, 3137536
8648, 2209174, 1, 4096, 10457088
8657, 8189062, 1, 4096, 10403840
8665, 5849214, 1, 4096, 917504
8675, 10529094, 1, 4096, 3080192
8680, 7539070, 1, 4096, 2478080
8690, 9359086, 1, 4096, 954368
8700, 5069190, 1, 4096, 8966144
8706, 11699102, 1, 4096, 6557696
8711, 5069070, 1, 4096, 5791744
8717, 9619110, 1, 4096, 8929280
8724, 5979102, 1, 4096, 6680576
8727, 8839110, 1, 4096, 3575808
8729, 7799102, 1, 4096, 6082560
8735, 7149086, 1, 4096, 7512064
8742, 7539070, 1, 4096, 6909952
8744, 8709102, 1, 4096, 9469952
8749, 7799102, 1, 4096, 6815744
8758, 7409118, 1, 4096, 3108864
8762, 2859134, 1, 4096, 7884800
8770, 5979086, 1, 4096, 9760768
8780, 6239070, 1, 4096, 10104832
8791, 10919118, 1, 4096, 6610944
8798, 4029150, 1, 4096, 622592
8804, 8059206, 1, 4096, 9854976
8808, 9099078, 1, 4096, 8830976
8816, 8449062, 1, 4096, 8802304
8819, 3379174, 1, 4096, 1736704
8826, 8319118, 1, 4096, 5312512
8833, 10529126, 1, 4096, 1277952
8838, 11309166, 1, 4096, 8138752
8844, 6889158, 1, 4096, 1814528
8850, 7409070, 1, 4096, 1200128
8859, 10919094, 1, 4096, 3387392
8867, 6239094, 1, 4096, 1146880
8896, 6499102, 1, 4096, 4087808
8904, 4939094, 1, 4096, 5902336
8923, 6369102, 1, 4096, 8318976
8928, 3379134, 1, 4096, 3837952
8935, 5459094, 1, 4096, 1548288
8940, 8579102, 1, 4096, 4620288
8950, 4159102, 1, 4096, 6897664
8953, 7799078, 1, 4096, 7860224
8958, 7019070, 1, 4096, 8769536
8964, 8059086, 1, 4096, 10260480
8969, 6109070, 1, 4096, 9560064
8974, 11829078, 1, 4096, 8708096
8981, 7669126, 1, 4096, 4501504
8989, 11179118, 1, 4096, 8249344
9000, 2079166, 1, 4096, 1110016
9004, 10399166, 1, 4096, 7909376
9011, 7539094, 1, 4096, 5754880
9021, 7539094, 1, 4096, 4116480
9026, 6239142, 1, 4096, 9101312
9035, 5069086, 1, 4096, 7311360
9040, 4159078, 1, 4096, 6492160
9050, 11439118, 1, 4096, 3031040
9054, 1819070, 1, 4096, 2068480
9062, 7539086, 1, 4096, 4042752
9072, 8449118, 1, 4096, 397312
9075, 7279166, 1, 4096, 7000064
9082, 11439158, 1, 4096, 958464
9089, 4809062, 1, 4096, 696320
9093, 4679190, 1, 4096, 9203712
9101, 8059094, 1, 4096, 7077888
9105, 8059078, 1, 4096, 8052736
9109, 4809134, 1, 4096, 3149824
9111, 6629086, 1, 4096, 1970176
9114, 4159078, 1, 4096, 634880
9123, 9749062, 1, 4096, 684032
9133, 9619158, 1, 4096, 6914048
9143, 5979102, 1, 4096, 9306112
9147, 6499070, 1, 4096, 10182656
9153, 9229190, 1, 4096, 1945600
9157, 3379142, 1, 4096, 6750208
9161, 3119102, 1, 4096, 9478144
9167, 10009102, 1, 4096, 6963200
9185, 9229086, 1, 4096, 5435392
9195, 9359086, 1, 4096, 3911680
9199, 4939102, 1, 4096, 1077248
9207, 6499070, 1, 4096, 921600
9214, 7539118, 1, 4096, 4444160
9221, 11049070, 1, 4096, 4059136
9228, 4679062, 1, 4096, 3788800
9232, 11829078, 1, 4096, 2932736
9241, 7019094, 1, 4096, 4874240
9251, 10529094, 1, 4096, 7036928
9256, 16638204, 1, 4096, 4419584
9264, 15987282, 1, 4096, 6254592
9275, 26517210, 1, 4096, 6758400
9277, 4939070, 1, 4096, 7540736
9288, 6889174, 1, 4096, 184320
9291, 8059222, 1, 4096, 10448896
9294, 4029110, 1, 4096, 7557120
9299, 10789166, 1, 4096, 962560
9308, 8839182, 1, 4096, 8691712
9310, 4809078, 1, 4096, 7401472
9322, 10139174, 1, 4096, 245760
9324, 9359102, 1, 4096, 2854912
9335, 11699086, 1, 4096, 1478656
9341, 7019118, 1, 4096, 4964352
9350, 4289086, 1, 4096, 3121152
9356, 7799078, 1, 4096, 4595712
9367, 5719102, 1, 4096, 6971392
9374, 7279094, 1, 4096, 4800512
9376, 7019110, 1, 4096, 1581056
9383, 3379110, 1, 4096, 4841472
9388, 7669070, 1, 4096, 4247552
9392, 10919110, 1, 4096, 1269760
9398, 9359142, 1, 4096, 6459392
9402, 5719110, 1, 4096, 9351168
9410, 8449182, 1, 4096, 1576960
9415, 7409102, 1, 4096, 4571136
9418, 2339110, 1, 4096, 7254016
9426, 6629086, 1, 4096, 9170944
9433, 7539126, 1, 4096, 4947968
9437, 5719110, 1, 4096, 7843840
9440, 4809174, 1, 4096, 872448
9447, 7409118, 1, 4096, 4382720
9453, 7669086, 1, 4096, 5849088
9459, 8579110, 1, 4096, 8925184
9465, 7279070, 1, 4096, 8298496
9475, 5719150, 1, 4096, 2936832
9483, 5719126, 1, 4096, 6860800
9489, 4419134, 1, 4096, 2441216
9491, 11049158, 1, 4096, 8765440
9495, 8839078, 1, 4096, 9789440
9504, 7409150, 1, 4096, 4014080
9513, 3249086, 1, 4096, 2105344
9519, 4939110, 1, 4096, 5468160
9529, 11179070, 1, 4096, 6123520
9538, 4289118, 1, 4096, 2211840
9548, 9099086, 1, 4096, 671744
9559, 7409102, 1, 4096, 3153920
9568, 10009126, 1, 4096, 7352320
9571, 7929142, 1, 4096, 2125824
9579, 3119150, 1, 4096, 7946240
9583, 11699070, 1, 4096, 8638464
9585, 8189110, 1, 4096, 5492736
9590, 10659110, 1, 4096, 2498560
9599, 4029086, 1, 4096, 643072
9632, 4549062, 1, 4096, 880640
9643, 8709070, 1, 4096, 1376256
9649, 6369118, 1, 4096, 4829184
9659, 10399126, 1, 4096, 9043968
9665, 5719086, 1, 4096, 10387456
9675, 8969086, 1, 4096, 8839168
9683, 4289126, 1, 4096, 4931584
9688, 11309110, 1, 4096, 8175616
9693, 5459102, 1, 4096, 5378048
9713, 7669134, 1, 4096, 9936896
9718, 4029078, 1, 4096, 9113600
9728, 9879070, 1, 4096, 9687040
9732, 4159078, 1, 4096, 8351744
9740, 7669094, 1, 4096, 10330112
9747, 5719190, 1, 4096, 2387968
9750, 6629134, 1, 4096, 6885376
9755, 5459078, 1, 4096, 6148096
9760, 7279134, 1, 4096, 1396736
9767, 11179086, 1, 4096, 3084288
9773, 2209062, 1, 4096, 2658304
9780, 6369102, 1, 4096, 425984
9789, 8449094, 1, 4096, 2457600
9798, 4159086, 1, 4096, 606208
9806, 6109206, 1, 4096, 10231808
9815, 2339142, 1, 4096, 4657152
9822, 8709134, 1, 4096, 507904
9831, 2729190, 1, 4096, 8376320
9838, 9359158, 1, 4096, 2207744
9846, 10269094, 1, 4096, 221184
9853, 4939110, 1, 4096, 3584000
9858, 1429062, 1, 4096, 3104768
9862, 9489110, 1, 4096, 40960
9867, 5199078, 1, 4096, 1355776
9876, 7279182, 1, 4096, 8990720
9884, 8969182, 1, 4096, 1245184
9890, 5459078, 1, 4096, 2572288
9900, 8319158, 1, 4096, 8728576
9910, 8969174, 1, 4096, 1503232
9920, 7539070, 1, 4096, 1925120
9922, 10919086, 1, 4096, 499712
9932, 5329102, 1, 4096, 2850816
9937, 10139078, 1, 4096, 3960832
9943, 7669142, 1, 4096, 9035776
9948, 15858204, 1, 4096, 6393856
9956, 6239118, 1, 4096, 2609152
9961, 25737234, 1, 4096, 3616768
9966, 28077498, 1, 4096, 10346496
9972, 28076888, 1, 4096, 417792
9982, 9229126, 1, 4096, 4567040
9992, 8449070, 1, 4096, 5050368
9997, 7929134, 1, 4096, 339968
10005, 3769094, 1, 4096, 2072576
10013, 5979150, 1, 4096, 8081408
10021, 10529126, 1, 4096, 4050944
10030, 7539126, 1, 4096, 8089600
10034, 7799078, 1, 4096, 6983680
10038, 4939134, 1, 4096, 2080768
10042, 2339166, 1, 4096, 8888320
10052, 10269174, 1, 4096, 1748992
10063, 6629190, 1, 4096, 9859072
10071, 3899094, 1, 4096, 7991296
10081, 12349062, 1, 4096, 8200192
10085, 5849102, 1, 4096, 5423104
10092, 8189086, 1, 4096, 6922240
10096, 10139078, 1, 4096, 8028160
10106, 6369086, 1, 4096, 6320128
10114, 8189062, 1, 4096, 6266880
10121, 8709118, 1, 4096, 9863168
10124, 3379086, 1, 4096, 8482816
10132, 6109118, 1, 4096, 4685824
10142, 3119118, 1, 4096, 1220608
10148, 10529110, 1, 4096, 4415488
10154, 5849126, 1, 4096, 94208
10160, 10399142, 1, 4096, 5341184
10163, 5849118, 1, 4096, 2048000
10170, 6759150, 1, 4096, 7589888
10173, 7409110, 1, 4096, 4390912
10178, 11179110, 1, 4096, 7630848
10186, 4809094, 1, 4096, 9433088
10190, 4809142, 1, 4096, 4526080
10194, 4809102, 1, 4096, 1679360
10197, 6759086, 1, 4096, 512000
10208, 2729166, 1, 4096, 6823936
10215, 7539094, 1, 4096, 4673536
10222, 8059134, 1, 4096, 483328
10227, 3509086, 1, 4096, 1691648
10230, 7279102, 1, 4096, 4161536
10237, 5589070, 1, 4096, 3952640
10248, 6759070, 1, 4096, 4325376
10251, 9619102, 1, 4096, 6946816
10258, 11699126, 1, 4096, 2990080
10268, 6499158, 1, 4096, 9031680
10271, 11699110, 1, 4096, 6103040
10277, 8709102, 1, 4096, 3506176
10284, 4939150, 1, 4096, 8933376
10288, 3899078, 1, 4096, 8093696
10295, 8189126, 1, 4096, 3915776
10300, 5719110, 1, 4096, 6807552
10302, 6239094, 1, 4096, 9220096
10309, 6889094, 1, 4096, 7020544
10317, 5459094, 1, 4096, 8863744
10328, 9749070, 1, 4096, 9428992
10333, 8449102, 1, 4096, 6819840
10336, 8059102, 1, 4096, 9342976
10339, 4029174, 1, 4096, 2318336
10348, 4939126, 1, 4096, 6197248
10352, 4939078, 1, 4096, 7487488
10362, 12349094, 1, 4096, 9764864
10366, 9359078, 1, 4096, 8757248
10375, 8059118, 1, 4096, 5087232
10385, 9619126, 1, 4096, 9261056
10394, 9229062, 1, 4096, 9277440
10398, 3769190, 1, 4096, 692224
10406, 4549070, 1, 4096, 413696
10410, 10269110, 1, 4096, 3592192
10418, 6369150, 1, 4096, 9105408
10425, 7409094, 1, 4096, 6938624
10433, 11049094, 1, 4096, 5005312
10443, 3899110, 1, 4096, 1589248
10454, 6369182, 1, 4096, 9682944
10459, 8189190, 1, 4096, 1380352
10466, 7929118, 1, 4096, 4923392
10474, 11959126, 1, 4096, 987136
10496, 7149142, 1, 4096, 6029312
10505, 7929094, 1, 4096, 8032256
10514, 7149118, 1, 4096, 4304896
10521, 9879086, 1, 4096, 5906432
10526, 5199078, 1, 4096, 5152768
10534, 1169086, 1, 4096, 3112960
10537, 7669086, 1, 4096, 1998848
10548, 5329070, 1, 4096, 2289664
10583, 4809086, 1, 4096, 995328
10591, 4679094, 1, 4096, 2785280
10593, 5199086, 1, 4096, 1515520
10597, 4419078, 1, 4096, 2265088
10599, 5199126, 1, 4096, 6668288
10608, 8709150, 1, 4096, 974848
10613, 5329070, 1, 4096, 229376
10622, 12739150, 1, 4096, 6144000
10629, 2339150, 1, 4096, 49152
10639, 8839158, 1, 4096, 6234112
10643, 6239142, 1, 4096, 1421312
10650, 2989182, 1, 4096, 8781824
10653, 5069142, 1, 4096, 3891200
10657, 12349158, 1, 4096, 10301440
10683, 1429110, 1, 4096, 6725632
10689, 5458204, 1, 4096, 4268032
10697, 19107258, 1, 4096, 6168576
10703, 3897186, 1, 4096, 5689344
10711, 7669102, 1, 4096, 3538944
10713, 8059102, 1, 4096, 6062080
10718, 10789134, 1, 4096, 1536000
10721, 6759134, 1, 4096, 6041600
10724, 11309086, 1, 4096, 4640768
10734, 2079134, 1, 4096, 8847360
10739, 5979078, 1, 4096, 10207232
10744, 2599102, 1, 4096, 7225344
10748, 3249078, 1, 4096, 6348800
10754, 4029110, 1, 4096, 9650176
10756, 4679198, 1, 4096, 610304
10766, 9359214, 1, 4096, 10440704
10768, 3899086, 1, 4096, 9089024
10773, 4679070, 1, 4096, 8302592
10782, 2339150, 1, 4096, 2719744
10788, 9879142, 1, 4096, 7942144
10793, 10269078, 1, 4096, 6991872
10795, 6499110, 1, 4096, 3735552
10799, 8709166, 1, 4096, 10428416
10801, 3509086, 1, 4096, 9052160
10804, 9489142, 1, 4096, 3928064
10809, 4549086, 1, 4096, 5193728
10815, 4029134, 1, 4096, 753664
10819, 6629166, 1, 4096, 7319552
10826, 7279070, 1, 4096, 7213056
10837, 7149142, 1, 4096, 1937408
10843, 10659070, 1, 4096, 1523712
10849, 4679070, 1, 4096, 741376
10856, 11959174, 1, 4096, 8155136
10864, 7929182, 1, 4096, 348160
10873, 8969094, 1, 4096, 2408448
10883, 6369102, 1, 4096, 4825088
10887, 10399078, 1, 4096, 5951488
10894, 7929070, 1, 4096, 5365760
10903, 9229118, 1, 4096, 1773568
10910, 11439070, 1, 4096, 1409024
10916, 6239118, 1, 4096, 4853760
10926, 7409118, 1, 4096, 1138688
10929, 7409166, 1, 4096, 7753728
10940, 9359086, 1, 4096, 6225920
10943, 3639102, 1, 4096, 8986624
10947, 9749198, 1, 4096, 262144
10955, 11439150, 1, 4096, 6094848
10964, 4419086, 1, 4096, 4263936
10968, 4939102, 1, 4096, 7102464
10973, 5979070, 1, 4096, 6402048
10982, 10399150, 1, 4096, 815104
10986, 5199110, 1, 4096, 3670016
10992, 7929078, 1, 4096, 3092480
10996, 8709166, 1, 4096, 9781248
11000, 7799078, 1, 4096, 8675328
11007, 7409094, 1, 4096, 6512640
11014, 9099126, 1, 4096, 2392064
11022, 3899126, 1, 4096, 6201344
11032, 6239150, 1, 4096, 868352
11039, 10139174, 1, 4096, 8167424
11048, 10009062, 1, 4096, 8237056
11057, 8189150, 1, 4096, 2506752
11066, 9619062, 1, 4096, 2547712
11099, 4939086, 1, 4096, 745472
11110, 11699070, 1, 4096, 1437696
11113, 7149134, 1, 4096, 5963776
11122, 10529094, 1, 4096, 8130560
11128, 4679086, 1, 4096, 9404416
11130, 4549206, 1, 4096, 356352
11135, 8059110, 1, 4096, 3391488
11140, 7539102, 1, 4096, 720896
11146, 11959110, 1, 4096, 4005888
11156, 6369070, 1, 4096, 4358144
11162, 9229070, 1, 4096, 3858432
11164, 11309158, 1, 4096, 10199040
11174, 10139150, 1, 4096, 4599808
11178, 5199102, 1, 4096, 1781760
11182, 6889078, 1, 4096, 614400
11188, 9879070, 1, 4096, 159744
11190, 11309158, 1, 4096, 6496256
11194, 7929078, 1, 4096, 7467008
11199, 11829110, 1, 4096, 4546560
11208, 10139094, 1, 4096, 6684672
11210, 5329110, 1, 4096, 3358720
11212, 12219086, 1, 4096, 2015232
11214, 6369070, 1, 4096, 2367488
11224, 4159190, 1, 4096, 10326016
11228, 6629110, 1, 4096, 7598080
11233, 7799134, 1, 4096, 2879488
11242, 4289158, 1, 4096, 8773632
11251, 5329182, 1, 4096, 1323008
11256, 7279110, 1, 4096, 4313088
11265, 4549094, 1, 4096, 2482176
11270, 6109174, 1, 4096, 9531392
11277, 5329094, 1, 4096, 7237632
11283, 7149078, 1, 4096, 6602752
11285, 5199078, 1, 4096, 5337088
11291, 4419078, 1, 4096, 6598656
11299, 7278172, 1, 4096, 4710400
11305, 7799110, 1, 4096, 2056192
11313, 14817258, 1, 4096, 253952
11321, 33927354, 1, 4096, 4018176
11325, 41596408, 1, 4096, 6688768
11327, 7929110, 1, 4096, 3526656
11331, 3639110, 1, 4096, 6287360
11340, 3249062, 1, 4096, 6443008
11344, 9359078, 1, 4096, 7495680
11352, 5589094, 1, 4096, 5218304
11354, 8449142, 1, 4096, 28672
11364, 4159214, 1, 4096, 10043392
11369, 11959198, 1, 4096, 1462272
11371, 7279102, 1, 4096, 3936256
11376, 5459086, 1, 4096, 5259264
11385, 10139094, 1, 4096, 3268608
11395, 4419094, 1, 4096, 5566464
11398, 5329134, 1, 4096, 688128
11408, 8059214, 1, 4096, 10436608
11438, 6109134, 1, 4096, 6127616
11444, 8189102, 1, 4096, 3497984
11447, 9099110, 1, 4096, 409600
11454, 5849150, 1, 4096, 5890048
11461, 8969086, 1, 4096, 7438336
11467, 11699134, 1, 4096, 2969600
11473, 3379150, 1, 4096, 8290304
11477, 6889142, 1, 4096, 3514368
11480, 8319102, 1, 4096, 6057984
11487, 9099126, 1, 4096, 1933312
11489, 7149070, 1, 4096, 2334720
11492, 7929078, 1, 4096, 1236992
11496, 8319078, 1, 4096, 163840
11501, 10659166, 1, 4096, 6979584
11509, 12739126, 1, 4096, 3088384
11515, 2209150, 1, 4096, 8343552
11520, 9359102, 1, 4096, 5783552
11526, 8709110, 1, 4096, 8867840
11531, 8319102, 1, 4096, 6242304
11541, 7669118, 1, 4096, 10289152
11551, 1819078, 1, 4096, 8810496
11553, 4419174, 1, 4096, 1810432
11561, 12609118, 1, 4096, 5656576
11567, 5849070, 1, 4096, 4939776
11570, 11569102, 1, 4096, 7684096
11581, 2079078, 1, 4096, 6217728
11588, 8579126, 1, 4096, 2064384
11599, 6759094, 1, 4096, 4509696
11632, 7669094, 1, 4096, 6488064
11640, 11569126, 1, 4096, 2523136
11646, 2209150, 1, 4096, 7774208
11651, 2469078, 1, 4096, 8912896
11659, 7799182, 1, 4096, 1097728
11684, 5979118, 1, 4096, 5038080
11689, 8709110, 1, 4096, 8118272
11697, 4549182, 1, 4096, 98304
11702, 4679110, 1, 4096, 3440640
11705, 11309070, 1, 4096, 4104192
11710, 3119086, 1, 4096, 5283840
11716, 11049102, 1, 4096, 2838528
11721, 5069102, 1, 4096, 8192
11729, 2209150, 1, 4096, 5775360
11734, 7929102, 1, 4096, 3133440
11736, 6239094, 1, 4096, 5537792
11741, 6109102, 1, 4096, 2777088
11751, 10529094, 1, 4096, 4943872
11755, 7669110, 1, 4096, 7958528
11764, 6239118, 1, 4096, 4169728
11767, 7669086, 1, 4096, 3059712
11777, 8709158, 1, 4096, 9232384
11779, 5849110, 1, 4096, 5943296
11783, 11959070, 1, 4096, 6647808
11786, 3899110, 1, 4096, 9420800
11793, 9229158, 1, 4096, 3244032
11800, 10529086, 1, 4096, 4894720
11811, 10919070, 1, 4096, 5533696
11816, 9099134, 1, 4096, 897024
11826, 10269126, 1, 4096, 5107712
11829, 3899110, 1, 4096, 7880704
11835, 11439166, 1, 4096, 1331200
11839, 6889078, 1, 4096, 2228224
11844, 4419166, 1, 4096, 9166848
11847, 7539078, 1, 4096, 10113024
11856, 4939206, 1, 4096, 565248
11863, 7149198, 1, 4096, 9744384
11865, 2339166, 1, 4096, 2613248
11876, 9359086, 1, 4096, 1093632
11882, 9359174, 1, 4096, 8339456
11892, 8189086, 1, 4096, 6746112
11897, 6239166, 1, 4096, 380928
11907, 3899222, 1, 4096, 10383360
11912, 4939166, 1, 4096, 3932160
11921, 9749094, 1, 4096, 6049792
11932, 7799086, 1, 4096, 4423680
11941, 5589070, 1, 4096, 4726784
11947, 10529102, 1, 4096, 2248704
11950, 4159158, 1, 4096, 8650752
11960, 4809070, 1, 4096, 8904704
11967, 5719070, 1, 4096, 8699904
11977, 7799174, 1, 4096, 1404928
11982, 3899086, 1, 4096, 2629632
11993, 3119158, 1, 4096, 8974336
11999, 6369086, 1, 4096, 10358784
12006, 8709126, 1, 4096, 6213632
12016, 8578188, 1, 4096, 8495104
12021, 31587306, 1, 4096, 6012928
12029, 33537378, 1, 4096, 2023424
12036, 9229174, 1, 4096, 9269248
12043, 1429150, 1, 4096, 3117056
12048, 8319102, 1, 4096, 6172672
12057, 8969118, 1, 4096, 2555904
12077, 6499078, 1, 4096, 1372160
12099, 8579142, 1, 4096, 6508544
12108, 8969094, 1, 4096, 8572928
12112, 6889102, 1, 4096, 5857280
12119, 4549134, 1, 4096, 1454080
12121, 4939166, 1, 4096, 7905280
12128, 3899134, 1, 4096, 3457024
12137, 10529086, 1, 4096, 2011136
12147, 7279158, 1, 4096, 8097792
12155, 6239062, 1, 4096, 7925760
12160, 8319134, 1, 4096, 3239936
12162, 11049070, 1, 4096, 3887104
12171, 10399094, 1, 4096, 1908736
12181, 4289102, 1, 4096, 4194304
12190, 8189118, 1, 4096, 532480
12194, 2859166, 1, 4096, 7376896
12196, 11439086, 1, 4096, 5984256
12203, 12219110, 1, 4096, 9285632
12212, 6369174, 1, 4096, 1896448
12220, 10009150, 1, 4096, 7639040
12223, 3509166, 1, 4096, 581632
12232, 7279206, 1, 4096, 10280960
12241, 2209086, 1, 4096, 8306688
12245, 7409078, 1, 4096, 7692288
12249, 4549078, 1, 4096, 8445952
12254, 10789078, 1, 4096, 9596928
12260, 11829102, 1, 4096, 7192576
12266, 4419158, 1, 4096, 712704
12270, 11959166, 1, 4096, 7610368
12278, 4289094, 1, 4096, 9383936
12282, 3379142, 1, 4096, 4386816
12292, 12089118, 1, 4096, 966656
12298, 6239118, 1, 4096, 4411392
12303, 6629070, 1, 4096, 3743744
12310, 11179102, 1, 4096, 1306624
12316, 6759118, 1, 4096, 4780032
12320, 9879078, 1, 4096, 3801088
12330, 10919094, 1, 4096, 5992448
12335, 6629070, 1, 4096, 5324800
12343, 4289070, 1, 4096, 5033984
12353, 9489126, 1, 4096, 9195520
12360, 6369150, 1, 4096, 3350528
12384, 6499118, 1, 4096, 6811648
12391, 2859086, 1, 4096, 8486912
12399, 5069158, 1, 4096, 2564096
12405, 1299062, 1, 4096, 2084864
12412, 3379174, 1, 4096, 9474048
12415, 11439174, 1, 4096, 2404352
12421, 6109150, 1, 4096, 7897088
12427, 8709102, 1, 4096, 5300224
12432, 7279110, 1, 4096, 8294400
12441, 7669094, 1, 4096, 6660096
12445, 8189078, 1, 4096, 5582848
12455, 2339134, 1, 4096, 9809920
12460, 4549166, 1, 4096, 3338240
12465, 13129102, 1, 4096, 6180864
12473, 2469086, 1, 4096, 4218880
12482, 7669126, 1, 4096, 8265728
12491, 3899062, 1, 4096, 8462336
12495, 7019134, 1, 4096, 3698688
12497, 3769118, 1, 4096, 270336
12506, 11049182, 1, 4096, 8146944
12513, 10659070, 1, 4096, 7737344
12518, 8709102, 1, 4096, 5136384
12525, 2729062, 1, 4096, 4743168
12530, 3899110, 1, 4096, 8036352
12541, 9619086, 1, 4096, 6533120
12549, 5849150, 1, 4096, 659456
12556, 4289174, 1, 4096, 8101888
12563, 3249094, 1, 4096, 9805824
12565, 8969174, 1, 4096, 2584576
12571, 1949102, 1, 4096, 73728
12582, 2599158, 1, 4096, 6385664
12601, 5069086, 1, 4096, 5103616
12609, 5849062, 1, 4096, 4907008
12615, 8319086, 1, 4096, 6414336
12624, 11049062, 1, 4096, 6549504
12627, 6369078, 1, 4096, 5349376
12630, 6499110, 1, 4096, 2097152
12637, 7539142, 1, 4096, 7688192
12643, 8449070, 1, 4096, 7135232
12654, 9749086, 1, 4096, 5640192
12664, 4679142, 1, 4096, 208896
12671, 7149150, 1, 4096, 5767168
12676, 2859134, 1, 4096, 1253376
12683, 4809070, 1, 4096, 991232
12687, 6499198, 1, 4096, 9613312
12694, 5199182, 1, 4096, 1630208
12699, 7279190, 1, 4096, 10297344
12705, 2989214, 1, 4096, 118784
12712, 12998284, 1, 4096, 5636096
12717, 7409102, 1, 4096, 2961408
12727, 17157210, 1, 4096, 3272704
12734, 15987210, 1, 4096, 3043328
12738, 15596440, 1, 4096, 5820416
12742, 8189078, 1, 4096, 6803456
12746, 10529078, 1, 4096, 5865472
12754, 10139094, 1, 4096, 3874816
12761, 11049086, 1, 4096, 5554176
12766, 3899142, 1, 4096, 10395648
12774, 5719190, 1, 4096, 2449408
12776, 10399102, 1, 4096, 5120000
12783, 3379118, 1, 4096, 8384512
12786, 3509110, 1, 4096, 5459968
12791, 6889134, 1, 4096, 679936
12801, 7929190, 1, 4096, 8871936
12807, 6369078, 1, 4096, 10256384
12811, 9229110, 1, 4096, 7176192
12815, 9489078, 1, 4096, 8241152
12819, 2469158, 1, 4096, 1642496
12825, 10399078, 1, 4096, 2764800
12832, 4549174, 1, 4096, 10227712
12840, 8059150, 1, 4096, 4493312
12845, 7279110, 1, 4096, 7479296
12851, 9359158, 1, 4096, 1314816
12875, 12219110, 1, 4096, 4612096
12881, 9359070, 1, 4096, 4124672
12907, 2599134, 1, 4096, 8364032
12915, 7669094, 1, 4096, 6221824
12921, 8969086, 1, 4096, 7770112
12926, 3509166, 1, 4096, 1228800
12931, 7539198, 1, 4096, 9912320
12940, 6239094, 1, 4096, 8192000
12947, 8969126, 1, 4096, 4067328
12949, 5589102, 1, 4096, 6434816
12958, 9229094, 1, 4096, 8515584
12962, 5589102, 1, 4096, 5722112
12964, 3249118, 1, 4096, 2260992
12974, 5069182, 1, 4096, 10276864
12979, 5979070, 1, 4096, 9568256
12989, 6369070, 1, 4096, 9920512
12996, 6889102, 1, 4096, 7725056
13005, 7539118, 1, 4096, 4026368
13009, 9099078, 1, 4096, 5066752
13016, 8579086, 1, 4096, 6590464
13024, 6109062, 1, 4096, 6410240
13030, 6759118, 1, 4096, 9883648
13039, 3379094, 1, 4096, 7983104
13050, 11309086, 1, 4096, 6578176
13058, 5979062, 1, 4096, 6389760
13064, 7929118, 1, 4096, 9940992
13069, 10139166, 1, 4096, 3305472
13078, 11179062, 1, 4096, 3444736
13083, 7019110, 1, 4096, 6418432
13092, 6629086, 1, 4096, 4718592
13102, 3249086, 1, 4096, 3330048
13107, 4939078, 1, 4096, 2560000
13114, 5069062, 1, 4096, 2314240
13117, 8449102, 1, 4096, 4857856
13123, 11049142, 1, 4096, 10149888
13131, 4809182, 1, 4096, 2146304
13135, 5719078, 1, 4096, 1429504
13141, 9229110, 1, 4096, 4542464
13149, 9099094, 1, 4096, 2486272
13159, 9749086, 1, 4096, 983040
13168, 6759126, 1, 4096, 4976640
13178, 4419110, 1, 4096, 1593344
13186, 7669174, 1, 4096, 9248768
13196, 4679070, 1, 4096, 9494528
13202, 4679102, 1, 4096, 7163904
13209, 3119150, 1, 4096, 1118208
13218, 8839062, 1, 4096, 1105920
13250, 5199174, 1, 4096, 8609792
13261, 5849110, 1, 4096, 5320704
13265, 4159134, 1, 4096, 10178560
13275, 8319206, 1, 4096, 847872
13279, 8969166, 1, 4096, 7553024
13288, 7799086, 1, 4096, 5935104
13297, 8579062, 1, 4096, 5910528
13300, 10139142, 1, 4096, 823296
13308, 8579150, 1, 4096, 6471680
13317, 4809070, 1, 4096, 6729728
13321, 6239102, 1, 4096, 9654272
13330, 6239206, 1, 4096, 192512
13337, 9229086, 1, 4096, 1757184
13340, 12089070, 1, 4096, 2469888
13349, 9099062, 1, 4096, 2473984
13357, 8059094, 1, 4096, 4481024
13362, 3639070, 1, 4096, 3629056
13369, 1689086, 1, 4096, 5238784
13379, 2729126, 1, 4096, 9486336
13386, 7409094, 1, 4096, 7323648
13393, 4159158, 1, 4096, 1343488
13397, 5459198, 1, 4096, 9895936
13403, 8709102, 1, 4096, 7299072
13412, 4289094, 1, 4096, 9588736
13423, 5069142, 1, 4096, 4177920
13428, 9749142, 1, 4096, 9392128
13435, 9229126, 1, 4096, 5275648
13443, 4159086, 1, 4096, 7041024
13452, 4549086, 1, 4096, 5210112
13462, 9359086, 1, 4096, 3686400
13468, 9099070, 1, 4096, 3182592
13476, 14818204, 1, 4096, 1015808
13487, 4287594, 1, 4096, 9318400
13493, 24567498, 1, 4096, 3076096
13503, 3509078, 1, 4096, 1695744
13510, 10659070, 1, 4096, 1286144
13513, 7669102, 1, 4096, 3784704
13516, 11569070, 1, 4096, 4468736
13523, 4679094, 1, 4096, 2134016
13529, 8059150, 1, 4096, 7749632
13534, 3639110, 1, 4096, 4837376
13537, 12219070, 1, 4096, 5558272
13546, 2729102, 1, 4096, 7741440
13555, 2339182, 1, 4096, 102400
13562, 9619174, 1, 4096, 7364608
13569, 11569070, 1, 4096, 7016448
13575, 6369094, 1, 4096, 4788224
13583, 11049126, 1, 4096, 790528
13593, 4809070, 1, 4096, 1040384
13618, 5069118, 1, 4096, 4927488
13651, 6499118, 1, 4096, 1155072
13671, 7799134, 1, 4096, 5726208
13677, 3249134, 1, 4096, 1241088
13686, 9619094, 1, 4096, 3342336
13691, 9099110, 1, 4096, 6447104
13700, 7279094, 1, 4096, 8409088
13706, 8839086, 1, 4096, 9949184
13712, 8059070, 1, 4096, 9371648
13721, 7149094, 1, 4096, 7712768
13729, 3119094, 1, 4096, 9408512
13732, 7539198, 1, 4096, 544768
13740, 2989118, 1, 4096, 4296704
13746, 4549142, 1, 4096, 9691136
13751, 10269078, 1, 4096, 8744960
13754, 8449110, 1, 4096, 5611520
13758, 9359134, 1, 4096, 10285056
13767, 2989142, 1, 4096, 4747264
13774, 9749126, 1, 4096, 667648
13781, 11439206, 1, 4096, 10108928
13788, 4939126, 1, 4096, 5730304
13809, 3899102, 1, 4096, 8503296
13816, 10789094, 1, 4096, 6553600
13823, 8969118, 1, 4096, 10166272
13826, 10919174, 1, 4096, 3067904
13835, 9099094, 1, 4096, 5140480
13841, 5069118, 1, 4096, 8507392
13848, 10269190, 1, 4096, 327680
13857, 6499158, 1, 4096, 6365184
13861, 4029110, 1, 4096, 3473408
13865, 10529102, 1, 4096, 6152192
13875, 5849142, 1, 4096, 794624
13882, 6109150, 1, 4096, 6295552
13892, 10529086, 1, 4096, 4845568
13900, 10529126, 1, 4096, 811008
13903, 10139102, 1, 4096, 3469312
13913, 8319158, 1, 4096, 9621504
13916, 5199166, 1, 4096, 2674688
13922, 4809110, 1, 4096, 6025216
13931, 6109062, 1, 4096, 5840896
13959, 5849102, 1, 4096, 8740864
13965, 6759158, 1, 4096, 2412544
13976, 9879070, 1, 4096, 2985984
13979, 9229134, 1, 4096, 7643136
13986, 9879126, 1, 4096, 3571712
13990, 4939078, 1, 4096, 2285568
13996, 8709118, 1, 4096, 5885952
14006, 7669126, 1, 4096, 9928704
14010, 6499142, 1, 4096, 5132288
14014, 5589134, 1, 4096, 274432
14024, 7279158, 1, 4096, 6361088
14035, 8579142, 1, 4096, 1171456
14045, 10789126, 1, 4096, 5414912
14055, 5069142, 1, 4096, 12288
14063, 8189174, 1, 4096, 7700480
14066, 5069078, 1, 4096, 6422528
14075, 8319150, 1, 4096, 704512
14078, 6629198, 1, 4096, 9330688
14087, 7019126, 1, 4096, 5599232
14093, 3509126, 1, 4096, 1122304
14098, 5459166, 1, 4096, 8126464
14104, 5069158, 1, 4096, 1687552
14112, 10529062, 1, 4096, 1785856
14123, 6499190, 1, 4096, 9891840
14133, 10139206, 1, 4096, 675840
14136, 4809190, 1, 4096, 9187328
14145, 5199174, 1, 4096, 1720320
14153, 6109086, 1, 4096, 3604480
14161, 1819126, 1, 4096, 7286784
14166, 6629110, 1, 4096, 4554752
14175, 4549118, 1, 4096, 663552
14180, 7019206, 1, 4096, 9834496
14187, 6499134, 1, 4096, 5550080
14195, 5329118, 1, 4096, 1703936
14201, 10789110, 1, 4096, 4915200
14204, 4679078, 1, 4096, 5677056
14212, 7929070, 1, 4096, 5615616
14216, 3249102, 1, 4096, 2670592
14220, 8319078, 1, 4096, 3665920
14229, 8838188, 1, 4096, 1826816
14232, 5849078, 1, 4096, 598016
14238, 18327234, 1, 4096, 1966080
14243, 27297234, 1, 4096, 3010560
14246, 33276536, 1, 4096, 7614464
14251, 3899070, 1, 4096, 6778880
14259, 7539158, 1, 4096, 1007616
14269, 8839158, 1, 4096, 7196672
14276, 7409126, 1, 4096, 2965504
14286, 9099086, 1, 4096, 1425408
14296, 7799070, 1, 4096, 1867776
14299, 9619102, 1, 4096, 4489216
14306, 7279118, 1, 4096, 7999488
14310, 6239078, 1, 4096, 8855552
14317, 3249158, 1, 4096, 2822144
14325, 12739086, 1, 4096, 4608000
14330, 4029086, 1, 4096, 5844992
14340, 3899150, 1, 4096, 364544
14347, 11309206, 1, 4096, 9801728
14352, 2469190, 1, 4096, 1134592
14380, 10919134, 1, 4096, 5898240
14386, 12219110, 1, 4096, 9199616
14391, 9099078, 1, 4096, 10240000
14393, 4679078, 1, 4096, 8941568
14397, 11569110, 1, 4096, 6008832
14405, 11179118, 1, 4096, 9756672
14413, 3379118, 1, 4096, 5795840
14420, 8839086, 1, 4096, 7335936
14423, 8579142, 1, 4096, 2150400
14426, 10399078, 1, 4096, 1204224
14429, 10399190, 1, 4096, 9551872
14435, 8319190, 1, 4096, 1257472
14440, 9359078, 1, 4096, 2310144
14446, 10139174, 1, 4096, 9609216
14454, 5979062, 1, 4096, 9424896
14463, 11179150, 1, 4096, 3883008
14473, 8449118, 1, 4096, 241664
14476, 12739190, 1, 4096, 8732672
14485, 6499086, 1, 4096, 7028736
14492, 11049102, 1, 4096, 4583424
14495, 9879134, 1, 4096, 9281536
14498, 8969110, 1, 4096, 6189056
14505, 9229126, 1, 4096, 9818112
14509, 8709118, 1, 4096, 6701056
14517, 4029094, 1, 4096, 8454144
14522, 8969102, 1, 4096, 5877760
14531, 7149086, 1, 4096, 4214784
14537, 8059070, 1, 4096, 3641344
14540, 5199118, 1, 4096, 303104
14545, 4289086, 1, 4096, 1556480
14551, 9359070, 1, 4096, 1069056
14562, 5849094, 1, 4096, 3452928
14568, 8449070, 1, 4096, 2904064
14572, 6499102, 1, 4096, 167936
14575, 4809070, 1, 4096, 937984
14584, 7279062, 1, 4096, 827392
14588, 9229078, 1, 4096, 1875968
14596, 3899094, 1, 4096, 3620864
14602, 3249142, 1, 4096, 8937472
14611, 11439150, 1, 4096, 3420160
14619, 4289094, 1, 4096, 5185536
14625, 9099142, 1, 4096, 10354688
14631, 1819190, 1, 4096, 2162688
14640, 6759118, 1, 4096, 6156288
14645, 7019070, 1, 4096, 5513216
14651, 4679126, 1, 4096, 1114112
14659, 4939174, 1, 4096, 8605696
14668, 3509174, 1, 4096, 1032192
14677, 3379150, 1, 4096, 6877184
14684, 11699086, 1, 4096, 8597504
14687, 6239166, 1, 4096, 1716224
14693, 6369086, 1, 4096, 3096576
14703, 4939150, 1, 4096, 9039872
14707, 11439078, 1, 4096, 10223616
14709, 3249110, 1, 4096, 6766592
14717, 7149070, 1, 4096, 6656000
14720, 8319078, 1, 4096, 5578752
14724, 9619142, 1, 4096, 462848
14733, 3119222, 1, 4096, 10416128
14742, 8839182, 1, 4096, 2662400
14746, 4029166, 1, 4096, 9576448
14752, 5719126, 1, 4096, 5246976
14759, 8839070, 1, 4096, 4722688
14762, 4549102, 1, 4096, 7536640
14769, 7279126, 1, 4096, 3301376
14778, 10789062, 1, 4096, 3416064
14780, 8189102, 1, 4096, 5947392
14790, 9229126, 1, 4096, 10096640
14797, 11569102, 1, 4096, 7675904
14801, 8579134, 1, 4096, 3006464
14809, 5069062, 1, 4096, 2760704
14812, 10399102, 1, 4096, 5431296
14815, 11309102, 1, 4096, 8159232
14821, 5979086, 1, 4096, 9523200
14830, 6889086, 1, 4096, 7839744
14833, 4549086, 1, 4096, 6529024
14837, 6889078, 1, 4096, 7434240
14839, 8189102, 1, 4096, 9961472
14849, 5459182, 1, 4096, 2514944
14859, 2339102, 1, 4096, 4677632
14867, 3639126, 1, 4096, 729088
14870, 6499078, 1, 4096, 1605632
14874, 9749078, 1, 4096, 626688
14882, 6238412, 1, 4096, 10063872
14892, 31197618, 1, 4096, 864256
14900, 31197354, 1, 4096, 4562944
14906, 4809094, 1, 4096, 2236416
14913, 6759118, 1, 4096, 5709824
14938, 2729118, 1, 4096, 9449472
14946, 8189182, 1, 4096, 1658880
14949, 9619134, 1, 4096, 6340608
14951, 11569086, 1, 4096, 4956160
14961, 9359086, 1, 4096, 3432448
14967, 5459070, 1, 4096, 2695168
14976, 5199062, 1, 4096, 2973696
14985, 6499126, 1, 4096, 6950912
14988, 10659102, 1, 4096, 9637888
14997, 10139150, 1, 4096, 4030464
15001, 4289110, 1, 4096, 6836224
15007, 8189102, 1, 4096, 4206592
15016, 7929118, 1, 4096, 528384
15020, 8189070, 1, 4096, 1511424
15025, 2339118, 1, 4096, 4702208
15032, 10009070, 1, 4096, 4255744
15042, 4029118, 1, 4096, 843776
15048, 6239206, 1, 4096, 9965568
15052, 4809142, 1, 4096, 5058560
15055, 4809078, 1, 4096, 5824512
15058, 7929134, 1, 4096, 10407936
15062, 8059198, 1, 4096, 1572864
15081, 5069126, 1, 4096, 5971968
15090, 10139094, 1, 4096, 8110080
15093, 5199078, 1, 4096, 6844416
15103, 8579086, 1, 4096, 5267456
15107, 5459134, 1, 4096, 10211328
15109, 6499142, 1, 4096, 4890624
15112, 5069078, 1, 4096, 3612672
15120, 6499086, 1, 4096, 5521408
15125, 10529078, 1, 4096, 6651904
15129, 4159078, 1, 4096, 7380992
15136, 9099126, 1, 4096, 3260416
15139, 3899070, 1, 4096, 3973120
15141, 7149102, 1, 4096, 6438912
15144, 6369078, 1, 4096, 5242880
15153, 3119126, 1, 4096, 1265664
15180, 5199158, 1, 4096, 7733248
15190, 5459174, 1, 4096, 286720
15198, 8319182, 1, 4096, 7987200
15206, 5979094, 1, 4096, 9867264
15215, 6109062, 1, 4096, 10203136
15222, 2989062, 1, 4096, 9822208
15227, 2599166, 1, 4096, 3227648
15237, 7929158, 1, 4096, 9359360
15246, 3899094, 1, 4096, 7491584
15251, 10009134, 1, 4096, 2908160
15261, 9099086, 1, 4096, 1368064
15264, 7409134, 1, 4096, 5914624
15268, 7799078, 1, 4096, 4808704
15272, 8839078, 1, 4096, 5832704
15279, 4549086, 1, 4096, 7618560
15285, 8189102, 1, 4096, 4988928
15288, 8709134, 1, 4096, 9617408
15294, 4809158, 1, 4096, 3162112
15297, 2469134, 1, 4096, 7913472
15306, 6239118, 1, 4096, 4132864
15311, 7279102, 1, 4096, 7122944
15313, 2469078, 1, 4096, 5681152
15323, 4029094, 1, 4096, 7950336
15325, 5979110, 1, 4096, 4665344
15333, 7409142, 1, 4096, 10244096
15344, 2599166, 1, 4096, 3129344
15348, 7409070, 1, 4096, 4063232
15356, 9489150, 1, 4096, 9777152
15362, 9359158, 1, 4096, 3608576
15372, 1559134, 1, 4096, 7782400
15379, 10009126, 1, 4096, 3719168
15386, 3379070, 1, 4096, 3366912
15396, 10529086, 1, 4096, 1916928
15405, 7929094, 1, 4096, 3919872
15415, 7799158, 1, 4096, 10035200
15425, 8709118, 1, 4096, 6406144
15432, 7019094, 1, 4096, 4222976
15436, 2859078, 1, 4096, 3317760
15458, 7409110, 1, 4096, 6316032
15466, 5849158, 1, 4096, 446464
15468, 7019134, 1, 4096, 4968448
15478, 11439126, 1, 4096, 9252864
15487, 2599086, 1, 4096, 7303168
15492, 3639166, 1, 4096, 774144
15496, 11699166, 1, 4096, 7655424
15499, 9099174, 1, 4096, 438272
15509, 4679190, 1, 4096, 8421376
15515, 7279126, 1, 4096, 4190208
15518, 5719126, 1, 4096, 8630272
15521, 7799166, 1, 4096, 1843200
15532, 7929190, 1, 4096, 10039296
15541, 5459206, 1, 4096, 524288
15551, 2339126, 1, 4096, 4751360
15560, 4159094, 1, 4096, 2899968
15568, 11699150, 1, 4096, 8753152
15573, 10398380, 1, 4096, 258048
15581, 11049118, 1, 4096, 3997696
15588, 14037186, 1, 4096, 3727360
15597, 26517378, 1, 4096, 7852032
15605, 16116632, 1, 4096, 1859584
15608, 11569070, 1, 4096, 2539520
15617, 7279126, 1, 4096, 6561792
15627, 10529086, 1, 4096, 5115904
15637, 5459070, 1, 4096, 5410816
15640, 11179142, 1, 4096, 389120
15644, 3639142, 1, 4096, 5214208
15652, 4029070, 1, 4096, 4902912
15658, 9749086, 1, 4096, 6500352
15663, 11049078, 1, 4096, 7663616
15669, 6889086, 1, 4096, 9080832
15673, 5979166, 1, 4096, 2183168
15679, 9619086, 1, 4096, 3772416
15683, 4419070, 1, 4096, 4517888
15692, 5069126, 1, 4096, 8400896
15697, 10659102, 1, 4096, 5922816
15706, 7409150, 1, 4096, 151552
15709, 9619134, 1, 4096, 4833280
15718, 10789094, 1, 4096, 2883584
15725, 6499062, 1, 4096, 2727936
15734, 7149094, 1, 4096, 4681728
15737, 8449102, 1, 4096, 7229440
15747, 3249118, 1, 4096, 3768320
15754, 6369102, 1, 4096, 1540096
15760, 9099062, 1, 4096, 1036288
15779, 6889126, 1, 4096, 5545984
15785, 2989086, 1, 4096, 6717440
15791, 6369134, 1, 4096, 2424832
15794, 4939110, 1, 4096, 5271552
15803, 10789094, 1, 4096, 3321856
15811, 7149062, 1, 4096, 3203072
15821, 7019094, 1, 4096, 5660672
15830, 6629086, 1, 4096, 3969024
15833, 8449070, 1, 4096, 4452352
15842, 5849070, 1, 4096, 4771840
15848, 11309110, 1, 4096, 8015872
15855, 7539126, 1, 4096, 3796992
15861, 8189142, 1, 4096, 8908800
15869, 5459094, 1, 4096, 7139328
15877, 8059126, 1, 4096, 2949120
15879, 5849078, 1, 4096, 1724416
15883, 6499078, 1, 4096, 536576
15890, 4289086, 1, 4096, 2301952
15895, 8709110, 1, 4096, 5386240
15904, 5849126, 1, 4096, 9314304
15909, 2469166, 1, 4096, 2715648
15916, 11309070, 1, 4096, 2342912
15926, 6889190, 1, 4096, 10469376
15934, 6629150, 1, 4096, 4644864
15941, 4419070, 1, 4096, 4362240
15945, 12869102, 1, 4096, 7188480
15954, 2209142, 1, 4096, 1601536
15961, 3899070, 1, 4096, 1282048
15967, 12999198, 1, 4096, 10305536
15977, 9099142, 1, 4096, 5156864
15980, 6499134, 1, 4096, 9641984
15992, 10139070, 1, 4096, 10235904
15997, 3899214, 1, 4096, 110592
16003, 3509198, 1, 4096, 9056256
16007, 5459102, 1, 4096, 6250496
16013, 7669078, 1, 4096, 5652480
16018, 1949126, 1, 4096, 1085440
16027, 4549118, 1, 4096, 4935680
16034, 12089070, 1, 4096, 4616192
16042, 4159118, 1, 4096, 700416
16052, 9489126, 1, 4096, 4861952
16059, 11699070, 1, 4096, 4513792
16062, 10399110, 1, 4096, 1507328
16071, 5459070, 1, 4096, 1802240
16077, 10399078, 1, 4096, 2928640
16082, 4809086, 1, 4096, 4210688
16090, 8189062, 1, 4096, 4165632
16097, 3249070, 1, 4096, 3805184
16105, 4549150, 1, 4096, 9715712
16110, 3639102, 1, 4096, 6799360
16114, 6369142, 1, 4096, 1994752
16122, 1949086, 1, 4096, 4096
16129, 1429206, 1, 4096, 9334784
16133, 2599110, 1, 4096, 6352896
16141, 10009094, 1, 4096, 4349952
16148, 5849062, 1, 4096, 4153344
16155, 7409110, 1, 4096, 7667712
16164, 6889094, 1, 4096, 9605120
16170, 5199126, 1, 4096, 5234688
16175, 4809078, 1, 4096, 4456448
16178, 9099134, 1, 4096, 9109504
16180, 6369110, 1, 4096, 5853184
16186, 10919078, 1, 4096, 7004160
16194, 11179094, 1, 4096, 5083136
16201, 8709126, 1, 4096, 933888
16212, 8839190, 1, 4096, 9183232
16218, 6759070, 1, 4096, 8527872
16224, 6369094, 1, 4096, 6299648
16229, 10009110, 1, 4096, 9465856
16232, 11829070, 1, 4096, 10158080
16239, 11309070, 1, 4096, 9793536
16246, 2989182, 1, 4096, 1675264
16254, 4289118, 1, 4096, 5509120
16257, 5329110, 1, 4096, 2179072
16266, 18978252, 1, 4096, 6344704
16272, 19107234, 1, 4096, 7729152
16277, 12087258, 1, 4096, 8962048
16286, 10659182, 1, 4096, 1327104
16296, 7409158, 1, 4096, 7426048
16299, 5329086, 1, 4096, 6164480
16303, 6759110, 1, 4096, 9121792
16312, 3769086, 1, 4096, 7245824
16318, 7409134, 1, 4096, 3014656
16323, 4289174, 1, 4096, 9945088
16329, 9879102, 1, 4096, 7421952
16339, 6109070, 1, 4096, 7761920
16346, 7799134, 1, 4096, 3559424
16352, 2729118, 1, 4096, 6774784
16361, 5719094, 1, 4096, 5025792
16364, 3379134, 1, 4096, 24576
16370, 8189166, 1, 4096, 7204864
16372, 5589078, 1, 4096, 5959680
16376, 10269110, 1, 4096, 2940928
16386, 4939158, 1, 4096, 8880128
16393, 5069070, 1, 4096, 8634368
16398, 7669070, 1, 4096, 8040448
16409, 8319174, 1, 4096, 770048
16418, 9359182, 1, 4096, 8536064
16457, 8449190, 1, 4096, 249856
16467, 11699126, 1, 4096, 4550656
16474, 9619126, 1, 4096, 458752
16482, 4549062, 1, 4096, 180224
16492, 5329094, 1, 4096, 2531328
16498, 8579118, 1, 4096, 6119424
16505, 7929126, 1, 4096, 1929216
16525, 7799102, 1, 4096, 4435968
16530, 8189070, 1, 4096, 3870720
16541, 10919126, 1, 4096, 8122368
16547, 10529158, 1, 4096, 2027520
16556, 5329062, 1, 4096, 1798144
16581, 8059158, 1, 4096, 7929856
16589, 4939086, 1, 4096, 9740288
16598, 9099118, 1, 4096, 6135808
16618, 7279102, 1, 4096, 8613888
16622, 9619134, 1, 4096, 4009984
16629, 4029062, 1, 4096, 3694592
16632, 10399070, 1, 4096, 4300800
16640, 8059150, 1, 4096, 9924608
16643, 6369118, 1, 4096, 6664192
16646, 6499078, 1, 4096, 5472256
16652, 11439102, 1, 4096, 3051520
16661, 4939086, 1, 4096, 1249280
16671, 7409070, 1, 4096, 1662976
16674, 9749102, 1, 4096, 4292608
16678, 11049078, 1, 4096, 3395584
16685, 11959102, 1, 4096, 1003520
16704, 4549134, 1, 4096, 5369856
16709, 12479078, 1, 4096, 4558848
16716, 6239150, 1, 4096, 10059776
16718, 6889142, 1, 4096, 4767744
16726, 7929062, 1, 4096, 4706304
16733, 2859070, 1, 4096, 4317184
16735, 7149134, 1, 4096, 8851456
16745, 6889182, 1, 4096, 1495040
16755, 3249102, 1, 4096, 3710976
16764, 9749094, 1, 4096, 5828608
16769, 3639078, 1, 4096, 4972544
16776, 11829126, 1, 4096, 1024000
16783, 5719118, 1, 4096, 4431872
16790, 4809094, 1, 4096, 2109440
16800, 5329094, 1, 4096, 4460544
16805, 6369102, 1, 4096, 1712128
16808, 4289190, 1, 4096, 10194944
16816, 8579214, 1, 4096, 360448
16822, 7019118, 1, 4096, 3854336
16828, 6889070, 1, 4096, 3207168
16838, 10399086, 1, 4096, 1744896
16843, 6499142, 1, 4096, 6754304
16848, 5979078, 1, 4096, 6045696
16855, 8059094, 1, 4096, 3923968
16861, 9229102, 1, 4096, 1359872
16871, 10659094, 1, 4096, 3534848
16879, 3639126, 1, 4096, 7327744
16882, 4159070, 1, 4096, 8056832
16888, 5069094, 1, 4096, 5742592
16896, 7019070, 1, 4096, 5619712
16900, 3379110, 1, 4096, 8368128
16911, 10139070, 1, 4096, 8953856
16917, 7279070, 1, 4096, 8331264
16923, 4029190, 1, 4096, 278528
16927, 5069198, 1, 4096, 8806400
16932, 8839134, 1, 4096, 4157440
16942, 8839158, 1, 4096, 10338304
16950, 8189190, 1, 4096, 2551808
16956, 1949094, 1, 4096, 45056
16964, 9619182, 1, 4096, 7827456
16971, 8189086, 1, 4096, 9322496
16980, 2209150, 1, 4096, 3739648
17000, 8319102, 1, 4096, 6275072
17006, 6759134, 1, 4096, 2007040
17013, 6109118, 1, 4096, 5439488
17018, 10398284, 1, 4096, 10362880
17023, 4549222, 1, 4096, 282624
17029, 30417426, 1, 4096, 5517312
17037, 26907354, 1, 4096, 9125888
17044, 21836504, 1, 4096, 4775936
17077, 6499094, 1, 4096, 3072000
17088, 1689078, 1, 4096, 3649536
17093, 6239078, 1, 4096, 2957312
17096, 4939166, 1, 4096, 9416704
17099, 4939206, 1, 4096, 385024
17119, 6109134, 1, 4096, 4849664
17121, 9749102, 1, 4096, 7483392
17130, 8839094, 1, 4096, 9539584
17136, 8449158, 1, 4096, 3309568
17143, 12479110, 1, 4096, 6631424
17153, 8059070, 1, 4096, 7090176
17163, 6629070, 1, 4096, 7454720
17168, 12089078, 1, 4096, 6623232
17171, 4809110, 1, 4096, 9457664
17182, 10139086, 1, 4096, 7979008
17185, 8709110, 1, 4096, 4870144
17195, 6889070, 1, 4096, 5251072
17197, 6889094, 1, 4096, 7704576
17205, 3769150, 1, 4096, 1699840
17235, 6109134, 1, 4096, 6676480
17245, 2209078, 1, 4096, 5222400
17248, 7799118, 1, 4096, 2052096
17257, 8189126, 1, 4096, 6131712
17266, 2989070, 1, 4096, 6270976
17273, 10269086, 1, 4096, 7901184
17279, 11049102, 1, 4096, 5447680
17284, 12479134, 1, 4096, 10317824
17291, 8319094, 1, 4096, 8212480
17302, 8189142, 1, 4096, 3002368
17306, 10009078, 1, 4096, 2035712
17311, 5459142, 1, 4096, 6975488
17314, 10139142, 1, 4096, 1888256
17322, 7409182, 1, 4096, 9527296
17329, 7279182, 1, 4096, 1683456
17335, 4029078, 1, 4096, 2920448
17342, 8579118, 1, 4096, 6504448
17351, 6239126, 1, 4096, 10465280
17362, 10659174, 1, 4096, 3346432
17371, 10009062, 1, 4096, 3411968
17378, 4159094, 1, 4096, 5173248
17385, 7149110, 1, 4096, 8667136
17395, 7149070, 1, 4096, 9068544
17404, 8709118, 1, 4096, 5443584
17415, 9879070, 1, 4096, 6017024
17423, 4679126, 1, 4096, 9871360
17425, 6759150, 1, 4096, 4575232
17428, 5979110, 1, 4096, 1290240
17437, 6369070, 1, 4096, 1638400
17443, 5199078, 1, 4096, 884736
17452, 8189182, 1, 4096, 8577024
17457, 6239158, 1, 4096, 2215936
17463, 7409086, 1, 4096, 3661824
17472, 3249094, 1, 4096, 1753088
17480, 5459118, 1, 4096, 5664768
17491, 2079078, 1, 4096, 4198400
17499, 4679150, 1, 4096, 10121216
17502, 4809198, 1, 4096, 1081344
17512, 6369150, 1, 4096, 7114752
17518, 4159126, 1, 4096, 2678784
17526, 3509150, 1, 4096, 8531968
17533, 12609102, 1, 4096, 6176768
17536, 4809110, 1, 4096, 9011200
17543, 7539126, 1, 4096, 4792320
17546, 10269102, 1, 4096, 7458816
17556, 10919094, 1, 4096, 9646080
17565, 7929118, 1, 4096, 5967872
17568, 11569142, 1, 4096, 970752
17576, 2079214, 1, 4096, 10342400
17586, 6629150, 1, 4096, 5029888
17590, 4029102, 1, 4096, 2142208
17599, 9489062, 1, 4096, 2170880
17610, 2989086, 1, 4096, 765952
17642, 7149150, 1, 4096, 6324224
17649, 4029158, 1, 4096, 335872
17659, 5199190, 1, 4096, 8355840
17661, 9879142, 1, 4096, 3252224
17670, 6499094, 1, 4096, 5160960
17680, 3769094, 1, 4096, 7417856
17686, 7929086, 1, 4096, 8900608
17690, 11049078, 1, 4096, 7995392
17694, 11959110, 1, 4096, 5091328
17701, 5459094, 1, 4096, 2805760
17709, 12609086, 1, 4096, 4579328
17716, 5979094, 1, 4096, 2326528
17725, 8059126, 1, 4096, 6397952
17734, 6629094, 1, 4096, 8314880
17740, 8579190, 1, 4096, 32768
17744, 8059190, 1, 4096, 8749056
17749, 5849190, 1, 4096, 299008
17754, 4419174, 1, 4096, 7233536
17760, 7409166, 1, 4096, 942080
17767, 6759150, 1, 4096, 6479872
17775, 10919118, 1, 4096, 10215424
17781, 6369126, 1, 4096, 5926912
17789, 11959086, 1, 4096, 7659520
17797, 7279150, 1, 4096, 1880064
17802, 11049166, 1, 4096, 8720384
17810, 8449062, 1, 4096, 8683520
17819, 18198124, 1, 4096, 8695808
17826, 26907546, 1, 4096, 950272
17835, 26127546, 1, 4096, 8679424
17844, 5199086, 1, 4096, 6889472
17853, 7539118, 1, 4096, 3190784
17858, 2989078, 1, 4096, 2293760
17868, 7409190, 1, 4096, 10452992
17877, 10399118, 1, 4096, 6930432
17885, 6629062, 1, 4096, 6787072
17895, 2469094, 1, 4096, 8957952
17898, 4419070, 1, 4096, 9703424
17904, 10269190, 1, 4096, 1527808
17911, 1819094, 1, 4096, 3141632
17922, 2209070, 1, 4096, 3747840
17925, 8449134, 1, 4096, 8359936
17931, 5849078, 1, 4096, 9707520
17941, 5719142, 1, 4096, 4345856
17977, 4679126, 1, 4096, 8716288
17982, 4549070, 1, 4096, 7921664
17991, 11049182, 1, 4096, 315392
17995, 5849110, 1, 4096, 3215360
18001, 9879142, 1, 4096, 8433664
18006, 10919134, 1, 4096, 3907584
18009, 11569158, 1, 4096, 10268672
18018, 6499206, 1, 4096, 819200
18025, 11829070, 1, 4096, 487424
18029, 4289174, 1, 4096, 7413760
18038, 8839150, 1, 4096, 1728512
18042, 5849190, 1, 4096, 10309632
18045, 4289078, 1, 4096, 8982528
18047, 11699086, 1, 4096, 7602176
18055, 5589118, 1, 4096, 3780608
18058, 8969102, 1, 4096, 6356992
18066, 9749126, 1, 4096, 2281472
18071, 8449070, 1, 4096, 1732608
18078, 4289070, 1, 4096, 1433600
18085, 8579070, 1, 4096, 892928
18091, 7149206, 1, 4096, 10067968
18094, 7149078, 1, 4096, 8921088
18104, 10529118, 1, 4096, 5406720
18113, 12349094, 1, 4096, 3555328
18116, 6369078, 1, 4096, 2359296
18123, 10269174, 1, 4096, 9670656
18127, 9489198, 1, 4096, 925696
18131, 9229078, 1, 4096, 1978368
18155, 10139086, 1, 4096, 3596288
18164, 7149158, 1, 4096, 9678848
18169, 9099078, 1, 4096, 8654848
18172, 9229110, 1, 4096, 5570560
18175, 10139102, 1, 4096, 8228864
18183, 7019062, 1, 4096, 8105984
18192, 7019174, 1, 4096, 757760
18201, 11309150, 1, 4096, 6582272
18206, 8709110, 1, 4096, 9658368
18208, 3769110, 1, 4096, 6238208
18212, 4679102, 1, 4096, 9060352
18216, 10009166, 1, 4096, 2416640
18224, 9749094, 1, 4096, 401408
18232, 5979214, 1, 4096, 10022912
18236, 12479142, 1, 4096, 5079040
18240, 5589134, 1, 4096, 225280
18243, 12739070, 1, 4096, 978944
18253, 3899190, 1, 4096, 8916992
